<?xml version="1.0" encoding="utf-8"?><!DOCTYPE Test SYSTEM "http://www.ilias.uni-koeln.de/download/dtd/ilias_co.dtd"><!--Export of ILIAS Test 2207754 of installation .--><ContentObject Type="Test"><MetaData><General Structure="Hierarchical"><Identifier Catalog="ILIAS" Entry="il_3231_tst_2207754"/><Title Language="de">Online Test 1: Fundamentals</Title><Language Language="de"/><Description Language="de"></Description><Keyword Language="de"/></General><Lifecycle Status="Draft"><Version Language="en"/><Contribute Role="Author"><Entity>Jakob Bach</Entity><Date/></Contribute></Lifecycle></MetaData><PageObject><PageContent PCID="da3a55de0ee0fbe54d12e3bd6d5522d6"><Question QRef="il_3231_qst_1059015"/></PageContent></PageObject><PageObject><PageContent PCID="77120d58f82d5ec0520bb21eb6b2905e"><Question QRef="il_3231_qst_1051772"/></PageContent></PageObject><PageObject><PageContent PCID="0039477af07bdc18ef7f76d734b3e0ca"><Question QRef="il_3231_qst_1059018"/></PageContent></PageObject><PageObject><PageContent PCID="5d0f3293047dea365c60e0176f53bf7b"><Question QRef="il_3231_qst_1051777"/></PageContent></PageObject><PageObject><PageContent PCID="87ade23def85f3a4cbebfb8f0698320b"><Question QRef="il_3231_qst_1051773"/></PageContent></PageObject><PageObject><PageContent PCID="e521333a9224a5dd7fb07cb820517e17"><Question QRef="il_3231_qst_1051778"/></PageContent></PageObject><PageObject><PageContent PCID="157331e281383223c6ff6e05bc984578"><Question QRef="il_3231_qst_1051774"/></PageContent></PageObject><PageObject><PageContent PCID="a8e6c1df1db2b5d76d2480ea598fb2b3"><Question QRef="il_3231_qst_1051780"/></PageContent></PageObject><PageObject><PageContent PCID="04db41ea76db6fb33fc7840e33380f60"><Question QRef="il_3231_qst_1051775"/></PageContent></PageObject><PageObject><PageContent PCID="76c2a498ae05c38549606daf40bf4a2a"><Question QRef="il_3231_qst_1051776"/></PageContent></PageObject><PageObject><PageContent PCID="e30aa3685a549a301e483c2e7a8250b8"><Question QRef="il_3231_qst_1051779"/></PageContent></PageObject><PageObject><PageContent PCID="4bc5ce3c5c1f7a3ed923ff0d60919338"><Question QRef="il_3231_qst_1059639"/></PageContent></PageObject><PageObject><PageContent PCID="d2835ee452b927becf5c5299e6b10fb9"><Question QRef="il_3231_qst_1059637"/></PageContent></PageObject><PageObject><PageContent PCID="efc720cfad7fd3ee9ec11269021450fb"><Question QRef="il_3231_qst_1051784"/></PageContent></PageObject><PageObject><PageContent PCID="29713443d1174ba8013e35e38332e3d6"><Question QRef="il_3231_qst_1051786"/></PageContent></PageObject><PageObject><PageContent PCID="f1dcec70b22c68a8e055e769c06d93c6"><Question QRef="il_3231_qst_1051785"/></PageContent></PageObject><QuestionSkillAssignments><TriggerQuestion Id="1059015"></TriggerQuestion><TriggerQuestion Id="1051772"></TriggerQuestion><TriggerQuestion Id="1059018"></TriggerQuestion><TriggerQuestion Id="1051777"></TriggerQuestion><TriggerQuestion Id="1051773"></TriggerQuestion><TriggerQuestion Id="1051778"></TriggerQuestion><TriggerQuestion Id="1051774"></TriggerQuestion><TriggerQuestion Id="1051780"></TriggerQuestion><TriggerQuestion Id="1051775"></TriggerQuestion><TriggerQuestion Id="1051776"></TriggerQuestion><TriggerQuestion Id="1051779"></TriggerQuestion><TriggerQuestion Id="1059639"></TriggerQuestion><TriggerQuestion Id="1059637"></TriggerQuestion><TriggerQuestion Id="1051784"></TriggerQuestion><TriggerQuestion Id="1051786"></TriggerQuestion><TriggerQuestion Id="1051785"></TriggerQuestion></QuestionSkillAssignments><SkillsLevelThresholds></SkillsLevelThresholds></ContentObject>