<?xml version="1.0" encoding="utf-8"?><!DOCTYPE Test SYSTEM "http://www.ilias.uni-koeln.de/download/dtd/ilias_co.dtd"><!--Export of ILIAS Test 2207761 of installation .--><ContentObject Type="Test"><MetaData><General Structure="Hierarchical"><Identifier Catalog="ILIAS" Entry="il_3231_tst_2207761"/><Title Language="de">Online Test 4: Clustering and Outlier Detection</Title><Language Language="de"/><Description Language="de"></Description><Keyword Language="de"/></General><Lifecycle Status="Draft"><Version Language="en"/><Contribute Role="Author"><Entity>Jakob Bach</Entity><Date/></Contribute></Lifecycle></MetaData><PageObject><PageContent PCID="0d82489bccd9cd4a9f8078870e9cf32c"><Question QRef="il_3231_qst_1051807"/></PageContent></PageObject><PageObject><PageContent PCID="f7313ce3c55bc8435bcd2e348e2c85b9"><Question QRef="il_3231_qst_1078967"/></PageContent></PageObject><PageObject><PageContent PCID="93625a34e8699ebb23c8fc1bc7446533"><Question QRef="il_3231_qst_1078963"/></PageContent></PageObject><PageObject><PageContent PCID="c6227ec580c58e3a7f1d11f1432e26ce"><Question QRef="il_3231_qst_1078965"/></PageContent></PageObject><PageObject><PageContent PCID="66013916fadf9ecf11cc64eaa755ce08"><Question QRef="il_3231_qst_1051808"/></PageContent></PageObject><PageObject><PageContent PCID="1c760834a27dd01ffad75fefb5b27a22"><Question QRef="il_3231_qst_1078971"/></PageContent></PageObject><PageObject><PageContent PCID="149234a5927507634065a230af5160ba"><Question QRef="il_3231_qst_1051809"/></PageContent></PageObject><PageObject><PageContent PCID="a8120da257129d3165dbc78b4e9e8adf"><Question QRef="il_3231_qst_1078969"/></PageContent></PageObject><PageObject><PageContent PCID="681f60d62f289f572a1c5aacfafa7ca2"><Question QRef="il_3231_qst_1051811"/></PageContent></PageObject><PageObject><PageContent PCID="70afb9ec8ed346b1af52846c9ae0031d"><Question QRef="il_3231_qst_1078973"/></PageContent></PageObject><PageObject><PageContent PCID="41d6a929401bf6fd40051e3809bd89d4"><Question QRef="il_3231_qst_1081570"/></PageContent></PageObject><PageObject><PageContent PCID="0c3ff57cc295646da0074e5fb8bd1228"><Question QRef="il_3231_qst_1081572"/></PageContent></PageObject><PageObject><PageContent PCID="fc458ee063c43f32950d567366eb0838"><Question QRef="il_3231_qst_1051813"/></PageContent></PageObject><PageObject><PageContent PCID="7d9c435fbe17ff169fc47f3a34a85fa9"><Question QRef="il_3231_qst_1080880"/></PageContent></PageObject><PageObject><PageContent PCID="0211ffb53fbb44b06158cf2b798707c5"><Question QRef="il_3231_qst_1080882"/></PageContent></PageObject><PageObject><PageContent PCID="8a88d48493a3896f0b60adb6ed318d37"><Question QRef="il_3231_qst_1081650"/></PageContent></PageObject><PageObject><PageContent PCID="af83fcb7183a9197dcec7dba49287970"><Question QRef="il_3231_qst_1051815"/></PageContent></PageObject><PageObject><PageContent PCID="826e6154e77f4f78ff63f85e9828f571"><Question QRef="il_3231_qst_1051816"/></PageContent></PageObject><QuestionSkillAssignments><TriggerQuestion Id="1051807"></TriggerQuestion><TriggerQuestion Id="1078967"></TriggerQuestion><TriggerQuestion Id="1078963"></TriggerQuestion><TriggerQuestion Id="1078965"></TriggerQuestion><TriggerQuestion Id="1051808"></TriggerQuestion><TriggerQuestion Id="1078971"></TriggerQuestion><TriggerQuestion Id="1051809"></TriggerQuestion><TriggerQuestion Id="1078969"></TriggerQuestion><TriggerQuestion Id="1051811"></TriggerQuestion><TriggerQuestion Id="1078973"></TriggerQuestion><TriggerQuestion Id="1081570"></TriggerQuestion><TriggerQuestion Id="1081572"></TriggerQuestion><TriggerQuestion Id="1051813"></TriggerQuestion><TriggerQuestion Id="1080880"></TriggerQuestion><TriggerQuestion Id="1080882"></TriggerQuestion><TriggerQuestion Id="1081650"></TriggerQuestion><TriggerQuestion Id="1051815"></TriggerQuestion><TriggerQuestion Id="1051816"></TriggerQuestion></QuestionSkillAssignments><SkillsLevelThresholds></SkillsLevelThresholds></ContentObject>