<?xml version="1.0" encoding="utf-8"?><!DOCTYPE Test SYSTEM "http://www.ilias.uni-koeln.de/download/dtd/ilias_co.dtd"><!--Export of ILIAS Test 2207760 of installation .--><ContentObject Type="Test"><MetaData><General Structure="Hierarchical"><Identifier Catalog="ILIAS" Entry="il_3231_tst_2207760"/><Title Language="de">Online Test 3: Association Rules</Title><Language Language="de"/><Description Language="de"></Description><Keyword Language="de"/></General><Lifecycle Status="Draft"><Version Language="en"/><Contribute Role="Author"><Entity>Jakob Bach</Entity><Date/></Contribute></Lifecycle></MetaData><PageObject><PageContent PCID="f4aaeacf59370b2c21947284dd0e2631"><Question QRef="il_3231_qst_1051797"/></PageContent></PageObject><PageObject><PageContent PCID="dc7541db1bc536dd7a3b7603af75e78d"><Question QRef="il_3231_qst_1068063"/></PageContent></PageObject><PageObject><PageContent PCID="b6368366d0e4d2c4f1e698c6ef6f5213"><Question QRef="il_3231_qst_1051798"/></PageContent></PageObject><PageObject><PageContent PCID="5b0c84ce9e161c6b4585782cc97da4ae"><Question QRef="il_3231_qst_1051799"/></PageContent></PageObject><PageObject><PageContent PCID="73d6275f07ee189535f2c09d5f17147e"><Question QRef="il_3231_qst_1051800"/></PageContent></PageObject><PageObject><PageContent PCID="19fbb71dc7fbfb87e805cee43aab370b"><Question QRef="il_3231_qst_1068066"/></PageContent></PageObject><PageObject><PageContent PCID="acfb318da453ee88854e628b9286c600"><Question QRef="il_3231_qst_1051801"/></PageContent></PageObject><PageObject><PageContent PCID="e7404972a0f07787a7dd476f786c5a99"><Question QRef="il_3231_qst_1068068"/></PageContent></PageObject><PageObject><PageContent PCID="568a808ec9ec95a2662dad4da0eb8fc3"><Question QRef="il_3231_qst_1051802"/></PageContent></PageObject><PageObject><PageContent PCID="87e62a0a8922b2ac8103668d716a514b"><Question QRef="il_3231_qst_1051803"/></PageContent></PageObject><PageObject><PageContent PCID="0419c5c2b5cc6ee074b85956577baaeb"><Question QRef="il_3231_qst_1051804"/></PageContent></PageObject><QuestionSkillAssignments><TriggerQuestion Id="1051797"></TriggerQuestion><TriggerQuestion Id="1068063"></TriggerQuestion><TriggerQuestion Id="1051798"></TriggerQuestion><TriggerQuestion Id="1051799"></TriggerQuestion><TriggerQuestion Id="1051800"></TriggerQuestion><TriggerQuestion Id="1068066"></TriggerQuestion><TriggerQuestion Id="1051801"></TriggerQuestion><TriggerQuestion Id="1068068"></TriggerQuestion><TriggerQuestion Id="1051802"></TriggerQuestion><TriggerQuestion Id="1051803"></TriggerQuestion><TriggerQuestion Id="1051804"></TriggerQuestion></QuestionSkillAssignments><SkillsLevelThresholds></SkillsLevelThresholds></ContentObject>