<?xml version="1.0" encoding="utf-8"?><!--Generated by ILIAS XmlWriter--><questestinterop><assessment ident="il_3231_tst_21170" title="Online Test 3: Association Rules"><qticomment></qticomment><qtimetadata><qtimetadatafield><fieldlabel>ILIAS_VERSION</fieldlabel><fieldentry>7.5 2021-12-15</fieldentry></qtimetadatafield><qtimetadatafield><fieldlabel>anonymity</fieldlabel><fieldentry>1</fieldentry></qtimetadatafield><qtimetadatafield><fieldlabel>use_pool</fieldlabel><fieldentry>0</fieldentry></qtimetadatafield><qtimetadatafield><fieldlabel>question_set_type</fieldlabel><fieldentry>FIXED_QUEST_SET</fieldentry></qtimetadatafield><qtimetadatafield><fieldlabel>sequence_settings</fieldlabel><fieldentry>0</fieldentry></qtimetadatafield><qtimetadatafield><fieldlabel>author</fieldlabel><fieldentry>Jakob Bach</fieldentry></qtimetadatafield><qtimetadatafield><fieldlabel>reset_processing_time</fieldlabel><fieldentry>0</fieldentry></qtimetadatafield><qtimetadatafield><fieldlabel>count_system</fieldlabel><fieldentry>0</fieldentry></qtimetadatafield><qtimetadatafield><fieldlabel>mc_scoring</fieldlabel><fieldentry>0</fieldentry></qtimetadatafield><qtimetadatafield><fieldlabel>score_cutting</fieldlabel><fieldentry>0</fieldentry></qtimetadatafield><qtimetadatafield><fieldlabel>password</fieldlabel><fieldentry/></qtimetadatafield><qtimetadatafield><fieldlabel>allowedUsers</fieldlabel><fieldentry>0</fieldentry></qtimetadatafield><qtimetadatafield><fieldlabel>allowedUsersTimeGap</fieldlabel><fieldentry>0</fieldentry></qtimetadatafield><qtimetadatafield><fieldlabel>pass_scoring</fieldlabel><fieldentry>0</fieldentry></qtimetadatafield><qtimetadatafield><fieldlabel>pass_deletion_allowed</fieldlabel><fieldentry>0</fieldentry></qtimetadatafield><qtimetadatafield><fieldlabel>nr_of_tries</fieldlabel><fieldentry>0</fieldentry></qtimetadatafield><qtimetadatafield><fieldlabel>block_after_passed</fieldlabel><fieldentry>0</fieldentry></qtimetadatafield><qtimetadatafield><fieldlabel>pass_waiting</fieldlabel><fieldentry>00:000:00:00:00</fieldentry></qtimetadatafield><qtimetadatafield><fieldlabel>kiosk</fieldlabel><fieldentry>0</fieldentry></qtimetadatafield><qtimetadatafield><fieldlabel>redirection_mode</fieldlabel><fieldentry>0</fieldentry></qtimetadatafield><qtimetadatafield><fieldlabel>redirection_url</fieldlabel><fieldentry></fieldentry></qtimetadatafield><qtimetadatafield><fieldlabel>use_previous_answers</fieldlabel><fieldentry>0</fieldentry></qtimetadatafield><qtimetadatafield><fieldlabel>title_output</fieldlabel><fieldentry>0</fieldentry></qtimetadatafield><qtimetadatafield><fieldlabel>results_presentation</fieldlabel><fieldentry>143</fieldentry></qtimetadatafield><qtimetadatafield><fieldlabel>examid_in_test_pass</fieldlabel><fieldentry>0</fieldentry></qtimetadatafield><qtimetadatafield><fieldlabel>examid_in_test_res</fieldlabel><fieldentry>0</fieldentry></qtimetadatafield><qtimetadatafield><fieldlabel>show_summary</fieldlabel><fieldentry>9</fieldentry></qtimetadatafield><qtimetadatafield><fieldlabel>score_reporting</fieldlabel><fieldentry>1</fieldentry></qtimetadatafield><qtimetadatafield><fieldlabel>solution_details</fieldlabel><fieldentry>1</fieldentry></qtimetadatafield><qtimetadatafield><fieldlabel>print_bs_with_res</fieldlabel><fieldentry>1</fieldentry></qtimetadatafield><qtimetadatafield><fieldlabel>instant_verification</fieldlabel><fieldentry>0</fieldentry></qtimetadatafield><qtimetadatafield><fieldlabel>answer_feedback</fieldlabel><fieldentry>0</fieldentry></qtimetadatafield><qtimetadatafield><fieldlabel>answer_feedback_points</fieldlabel><fieldentry>0</fieldentry></qtimetadatafield><qtimetadatafield><fieldlabel>follow_qst_answer_fixation</fieldlabel><fieldentry>0</fieldentry></qtimetadatafield><qtimetadatafield><fieldlabel>instant_feedback_answer_fixation</fieldlabel><fieldentry>0</fieldentry></qtimetadatafield><qtimetadatafield><fieldlabel>force_instant_feedback</fieldlabel><fieldentry>0</fieldentry></qtimetadatafield><qtimetadatafield><fieldlabel>highscore_enabled</fieldlabel><fieldentry>0</fieldentry></qtimetadatafield><qtimetadatafield><fieldlabel>highscore_anon</fieldlabel><fieldentry>0</fieldentry></qtimetadatafield><qtimetadatafield><fieldlabel>highscore_achieved_ts</fieldlabel><fieldentry>0</fieldentry></qtimetadatafield><qtimetadatafield><fieldlabel>highscore_score</fieldlabel><fieldentry>0</fieldentry></qtimetadatafield><qtimetadatafield><fieldlabel>highscore_percentage</fieldlabel><fieldentry>0</fieldentry></qtimetadatafield><qtimetadatafield><fieldlabel>highscore_hints</fieldlabel><fieldentry>0</fieldentry></qtimetadatafield><qtimetadatafield><fieldlabel>highscore_wtime</fieldlabel><fieldentry>0</fieldentry></qtimetadatafield><qtimetadatafield><fieldlabel>highscore_own_table</fieldlabel><fieldentry>0</fieldentry></qtimetadatafield><qtimetadatafield><fieldlabel>highscore_top_table</fieldlabel><fieldentry>0</fieldentry></qtimetadatafield><qtimetadatafield><fieldlabel>highscore_top_num</fieldlabel><fieldentry>10</fieldentry></qtimetadatafield><qtimetadatafield><fieldlabel>show_cancel</fieldlabel><fieldentry>1</fieldentry></qtimetadatafield><qtimetadatafield><fieldlabel>show_marker</fieldlabel><fieldentry>0</fieldentry></qtimetadatafield><qtimetadatafield><fieldlabel>fixed_participants</fieldlabel><fieldentry>0</fieldentry></qtimetadatafield><qtimetadatafield><fieldlabel>showfinalstatement</fieldlabel><fieldentry>1</fieldentry></qtimetadatafield><qtimetadatafield><fieldlabel>showinfo</fieldlabel><fieldentry>1</fieldentry></qtimetadatafield><qtimetadatafield><fieldlabel>mailnotification</fieldlabel><fieldentry>0</fieldentry></qtimetadatafield><qtimetadatafield><fieldlabel>mailnottype</fieldlabel><fieldentry>0</fieldentry></qtimetadatafield><qtimetadatafield><fieldlabel>exportsettings</fieldlabel><fieldentry>0</fieldentry></qtimetadatafield><qtimetadatafield><fieldlabel>forcejs</fieldlabel><fieldentry>1</fieldentry></qtimetadatafield><qtimetadatafield><fieldlabel>customstyle</fieldlabel><fieldentry/></qtimetadatafield><qtimetadatafield><fieldlabel>shuffle_questions</fieldlabel><fieldentry>1</fieldentry></qtimetadatafield><qtimetadatafield><fieldlabel>processing_time</fieldlabel><fieldentry/></qtimetadatafield><qtimetadatafield><fieldlabel>enable_examview</fieldlabel><fieldentry>0</fieldentry></qtimetadatafield><qtimetadatafield><fieldlabel>show_examview_html</fieldlabel><fieldentry>0</fieldentry></qtimetadatafield><qtimetadatafield><fieldlabel>show_examview_pdf</fieldlabel><fieldentry>0</fieldentry></qtimetadatafield><qtimetadatafield><fieldlabel>enable_archiving</fieldlabel><fieldentry>0</fieldentry></qtimetadatafield><qtimetadatafield><fieldlabel>sign_submission</fieldlabel><fieldentry>0</fieldentry></qtimetadatafield><qtimetadatafield><fieldlabel>char_selector_availability</fieldlabel><fieldentry>0</fieldentry></qtimetadatafield><qtimetadatafield><fieldlabel>char_selector_definition</fieldlabel><fieldentry></fieldentry></qtimetadatafield><qtimetadatafield><fieldlabel>skill_service</fieldlabel><fieldentry>0</fieldentry></qtimetadatafield><qtimetadatafield><fieldlabel>result_tax_filters</fieldlabel><fieldentry>a:0:{}</fieldentry></qtimetadatafield><qtimetadatafield><fieldlabel>show_grading_status</fieldlabel><fieldentry>1</fieldentry></qtimetadatafield><qtimetadatafield><fieldlabel>show_grading_mark</fieldlabel><fieldentry>1</fieldentry></qtimetadatafield><qtimetadatafield><fieldlabel>activation_limited</fieldlabel><fieldentry>0</fieldentry></qtimetadatafield><qtimetadatafield><fieldlabel>activation_start_time</fieldlabel><fieldentry>0</fieldentry></qtimetadatafield><qtimetadatafield><fieldlabel>activation_end_time</fieldlabel><fieldentry>0</fieldentry></qtimetadatafield><qtimetadatafield><fieldlabel>activation_visibility</fieldlabel><fieldentry>0</fieldentry></qtimetadatafield><qtimetadatafield><fieldlabel>autosave</fieldlabel><fieldentry>1</fieldentry></qtimetadatafield><qtimetadatafield><fieldlabel>autosave_ival</fieldlabel><fieldentry>30000</fieldentry></qtimetadatafield><qtimetadatafield><fieldlabel>offer_question_hints</fieldlabel><fieldentry>0</fieldentry></qtimetadatafield><qtimetadatafield><fieldlabel>instant_feedback_specific</fieldlabel><fieldentry>0</fieldentry></qtimetadatafield><qtimetadatafield><fieldlabel>instant_feedback_answer_fixation</fieldlabel><fieldentry>0</fieldentry></qtimetadatafield><qtimetadatafield><fieldlabel>obligations_enabled</fieldlabel><fieldentry>0</fieldentry></qtimetadatafield><qtimetadatafield><fieldlabel>enable_processing_time</fieldlabel><fieldentry>0</fieldentry></qtimetadatafield><qtimetadatafield><fieldlabel>mark_step_0</fieldlabel><fieldentry>&lt;short&gt;failed&lt;/short&gt;&lt;official&gt;failed&lt;/official&gt;&lt;percentage&gt;0.00&lt;/percentage&gt;&lt;passed&gt;0&lt;/passed&gt;</fieldentry></qtimetadatafield><qtimetadatafield><fieldlabel>mark_step_1</fieldlabel><fieldentry>&lt;short&gt;passed&lt;/short&gt;&lt;official&gt;passed&lt;/official&gt;&lt;percentage&gt;80.00&lt;/percentage&gt;&lt;passed&gt;1&lt;/passed&gt;</fieldentry></qtimetadatafield></qtimetadata><objectives><material><mattext texttype="text/xhtml">&lt;div&gt;This test deals with chapter 6 (Association Rules) of the lecture.&lt;/div&gt;&#13;&#10;&lt;div&gt;Participation is anonymous.&lt;/div&gt;&#13;&#10;&lt;div&gt;After answering all questions, please use the &quot;Test beenden&quot; button.&lt;/div&gt;&#13;&#10;&lt;div&gt;You can freely change all your answers beforehand.&lt;/div&gt;&#13;&#10;&lt;div&gt;After ending the test, the score, solutions, and solution hints will be shown.&lt;/div&gt;&#13;&#10;&lt;div&gt;The test counts as passed if at least 80% of your answers are correct (which does, however, not have an impact on your grade in the &quot;Data Science 1&quot; exam).&lt;/div&gt;&#13;&#10;&lt;div&gt;You can repeat the test an arbitrary number of times, but the questions remain the same (albeit in random order).&lt;/div&gt;</mattext></material></objectives><assessmentcontrol/><presentation_material><flow_mat><material><mattext texttype="text/xhtml">&lt;p&gt;Thanks for participating! If the answers are not clear or you&apos;ve spotted an error, just contact Jakob.&lt;/p&gt;</mattext></material></flow_mat></presentation_material><section ident="1">
<!--Generated by ILIAS XmlWriter--><item ident="il_3231_qst_1051797" title="Itemsets - Frequent, Maximal and Closed" maxattempts="0"><qticomment></qticomment><duration>P0Y0M0DT0H0M0S</duration><itemmetadata><qtimetadata><qtimetadatafield><fieldlabel>ILIAS_VERSION</fieldlabel><fieldentry>7.5 2021-12-15</fieldentry></qtimetadatafield><qtimetadatafield><fieldlabel>QUESTIONTYPE</fieldlabel><fieldentry>KPRIM CHOICE QUESTION</fieldentry></qtimetadatafield><qtimetadatafield><fieldlabel>AUTHOR</fieldlabel><fieldentry>Jakob Bach</fieldentry></qtimetadatafield><qtimetadatafield><fieldlabel>additional_cont_edit_mode</fieldlabel><fieldentry>default</fieldentry></qtimetadatafield><qtimetadatafield><fieldlabel>externalId</fieldlabel><fieldentry>5fb2aa90858a78.89897581</fieldentry></qtimetadatafield><qtimetadatafield><fieldlabel>ilias_lifecycle</fieldlabel><fieldentry>draft</fieldentry></qtimetadatafield><qtimetadatafield><fieldlabel>lifecycle</fieldlabel><fieldentry>draft</fieldentry></qtimetadatafield><qtimetadatafield><fieldlabel>answer_type</fieldlabel><fieldentry>singleLine</fieldentry></qtimetadatafield><qtimetadatafield><fieldlabel>thumb_size</fieldlabel><fieldentry>150</fieldentry></qtimetadatafield><qtimetadatafield><fieldlabel>option_label_setting</fieldlabel><fieldentry>customlabel</fieldentry></qtimetadatafield><qtimetadatafield><fieldlabel>custom_true_option_label</fieldlabel><fieldentry>true</fieldentry></qtimetadatafield><qtimetadatafield><fieldlabel>custom_false_option_label</fieldlabel><fieldentry>false</fieldentry></qtimetadatafield><qtimetadatafield><fieldlabel>feedback_setting</fieldlabel><fieldentry>1</fieldentry></qtimetadatafield></qtimetadata></itemmetadata><presentation label="Itemsets - Frequent, Maximal and Closed"><flow><material><mattext texttype="text/xhtml">&lt;p&gt;Let the following transactions be given:&lt;/p&gt;&#13;&#10;&lt;hr /&gt;&#13;&#10;&lt;div&gt;ID  Items&lt;/div&gt;&#13;&#10;&lt;div&gt;1    A, B&lt;/div&gt;&#13;&#10;&lt;div&gt;2    A&lt;/div&gt;&#13;&#10;&lt;div&gt;3    A, B, C&lt;/div&gt;&#13;&#10;&lt;hr /&gt;&#13;&#10;&lt;p&gt;Evaluate the following statements, assuming a support threshold of &lt;span class=&quot;latex&quot;&gt;\frac{2}{3}&lt;/span&gt;:&lt;/p&gt;</mattext></material><response_lid ident="MCMR" rcardinality="Multiple"><render_choice shuffle="Yes"><response_label ident="0"><material><mattext texttype="text/plain">A is an itemset.</mattext></material></response_label><response_label ident="1"><material><mattext texttype="text/plain">{A} is frequent.</mattext></material></response_label><response_label ident="2"><material><mattext texttype="text/plain">{A} is maximal.</mattext></material></response_label><response_label ident="3"><material><mattext texttype="text/plain">{A} is closed.</mattext></material></response_label></render_choice></response_lid></flow></presentation><resprocessing><outcomes><decvar varname="SCORE" vartype="Decimal" defaultval="0" minvalue="0.5" maxvalue="1"/></outcomes><respcondition continue="Yes"><conditionvar><varequal respident="0">0</varequal></conditionvar><displayfeedback feedbacktype="Response" linkrefid="response_0"/></respcondition><respcondition continue="Yes"><conditionvar><varequal respident="1">1</varequal></conditionvar><displayfeedback feedbacktype="Response" linkrefid="response_1"/></respcondition><respcondition continue="Yes"><conditionvar><varequal respident="2">0</varequal></conditionvar><displayfeedback feedbacktype="Response" linkrefid="response_2"/></respcondition><respcondition continue="Yes"><conditionvar><varequal respident="3">1</varequal></conditionvar><displayfeedback feedbacktype="Response" linkrefid="response_3"/></respcondition><respcondition continue="Yes"><conditionvar><and><varequal respident="0">0</varequal><varequal respident="1">1</varequal><varequal respident="2">0</varequal><varequal respident="3">1</varequal></and></conditionvar><setvar action="Add">1</setvar><displayfeedback feedbacktype="Response" linkrefid="response_allcorrect"/></respcondition><respcondition continue="Yes"><conditionvar><or><not><varequal respident="0">0</varequal></not><not><varequal respident="1">1</varequal></not><not><varequal respident="2">0</varequal></not><not><varequal respident="3">1</varequal></not></or></conditionvar><setvar action="Add">0</setvar><displayfeedback feedbacktype="Response" linkrefid="response_onenotcorrect"/></respcondition></resprocessing><itemfeedback ident="response_0" view="All"><flow_mat><material><mattext texttype="text/plain"></mattext></material></flow_mat></itemfeedback><itemfeedback ident="response_1" view="All"><flow_mat><material><mattext texttype="text/plain"></mattext></material></flow_mat></itemfeedback><itemfeedback ident="response_2" view="All"><flow_mat><material><mattext texttype="text/plain"></mattext></material></flow_mat></itemfeedback><itemfeedback ident="response_3" view="All"><flow_mat><material><mattext texttype="text/plain"></mattext></material></flow_mat></itemfeedback><itemfeedback ident="response_allcorrect" view="All"><flow_mat><material><mattext texttype="text/xhtml">&lt;p&gt;A is not an itemset, but a single item.&lt;/p&gt;&#13;&#10;&lt;p&gt;{A} passes the support threshold and thus is a frequent itemset.&lt;/p&gt;&#13;&#10;&lt;p&gt;As there is no superset with the same support, {A} is closed as well.&lt;/p&gt;&#13;&#10;&lt;p&gt;However, {A} is not maximal, as {A, B} is a frequent superset.&lt;/p&gt;</mattext></material></flow_mat></itemfeedback><itemfeedback ident="response_onenotcorrect" view="All"><flow_mat><material><mattext texttype="text/xhtml">&lt;p&gt;A is not an itemset, but a single item.&lt;/p&gt;&#13;&#10;&lt;p&gt;{A} passes the support threshold and thus is a frequent itemset.&lt;/p&gt;&#13;&#10;&lt;p&gt;As there is no superset with the same support, {A} is closed as well.&lt;/p&gt;&#13;&#10;&lt;p&gt;However, {A} is not maximal, as {A, B} is a frequent superset.&lt;/p&gt;</mattext></material></flow_mat></itemfeedback></item><!--Generated by ILIAS XmlWriter--><item ident="il_3231_qst_1068063" title="Association Rules - Metrics" maxattempts="0"><qticomment></qticomment><duration>P0Y0M0DT0H0M0S</duration><itemmetadata><qtimetadata><qtimetadatafield><fieldlabel>ILIAS_VERSION</fieldlabel><fieldentry>7.5 2021-12-15</fieldentry></qtimetadatafield><qtimetadatafield><fieldlabel>QUESTIONTYPE</fieldlabel><fieldentry>CLOZE QUESTION</fieldentry></qtimetadatafield><qtimetadatafield><fieldlabel>AUTHOR</fieldlabel><fieldentry>Jakob Bach</fieldentry></qtimetadatafield><qtimetadatafield><fieldlabel>additional_cont_edit_mode</fieldlabel><fieldentry>default</fieldentry></qtimetadatafield><qtimetadatafield><fieldlabel>externalId</fieldlabel><fieldentry>61a9d4b7e88088.12410987</fieldentry></qtimetadatafield><qtimetadatafield><fieldlabel>ilias_lifecycle</fieldlabel><fieldentry>draft</fieldentry></qtimetadatafield><qtimetadatafield><fieldlabel>lifecycle</fieldlabel><fieldentry>draft</fieldentry></qtimetadatafield><qtimetadatafield><fieldlabel>textgaprating</fieldlabel><fieldentry>ci</fieldentry></qtimetadatafield><qtimetadatafield><fieldlabel>fixedTextLength</fieldlabel><fieldentry/></qtimetadatafield><qtimetadatafield><fieldlabel>identicalScoring</fieldlabel><fieldentry>1</fieldentry></qtimetadatafield><qtimetadatafield><fieldlabel>feedback_mode</fieldlabel><fieldentry>gapQuestion</fieldentry></qtimetadatafield><qtimetadatafield><fieldlabel>combinations</fieldlabel><fieldentry>W10=</fieldentry></qtimetadatafield></qtimetadata></itemmetadata><presentation label="Association Rules - Metrics"><flow><material><mattext texttype="text/xhtml">&lt;p&gt;&lt;strong&gt;&lt;/strong&gt;Let the following transactions be given:&lt;/p&gt;&#13;&#10;&lt;hr /&gt;&#13;&#10;&lt;p&gt;ID  Items&lt;br /&gt;1    fruits, milk, vegetables&lt;br /&gt;2    soda, vegetables, milk, fruits&lt;br /&gt;3    vegetables, fruits, soda, beer, milk&lt;br /&gt;4    fruits, soda, milk&lt;br /&gt;5    fruits, beer, milk&lt;br /&gt;6    fruits, vegetables, soda, milk, beer&lt;br /&gt;7    soda, milk, beer, vegetables, fruits&lt;br /&gt;8    soda, fruits&lt;/p&gt;&#13;&#10;&lt;hr /&gt;</mattext></material><material><mattext texttype="text/xhtml">&lt;p&gt;The rule &lt;span class=&quot;latex&quot;&gt;\{vegetables\} \rightarrow \{milk\}&lt;/span&gt; has a (relative, i.e., in the range &lt;span class=&quot;latex&quot;&gt;[0,1]&lt;/span&gt;) support of </mattext></material><response_num ident="gap_0" numtype="Decimal" rcardinality="Single"><render_fib fibtype="Decimal" prompt="Box" columns="5" maxchars="5" minnumber="0.625" maxnumber="0.625"></render_fib></response_num><material><mattext texttype="text/xhtml">.&lt;/p&gt;&#10;&lt;p&gt;The confidence of this rule is </mattext></material><response_num ident="gap_1" numtype="Decimal" rcardinality="Single"><render_fib fibtype="Decimal" prompt="Box" columns="1" maxchars="5" minnumber="1" maxnumber="1"></render_fib></response_num><material><mattext texttype="text/xhtml">.&lt;/p&gt;&#10;&lt;p&gt;The lift of the rule is </mattext></material><response_num ident="gap_2" numtype="Decimal" rcardinality="Single"><render_fib fibtype="Decimal" prompt="Box" columns="5" maxchars="5" minnumber="1.143" maxnumber="1.143"></render_fib></response_num><material><mattext texttype="text/xhtml">&lt;/p&gt;&#10;&lt;p&gt;(Round your solutions to three decimal places if necessary and use a point (.) as decimal separator.)&lt;/p&gt;</mattext></material></flow></presentation><resprocessing><outcomes><decvar></decvar></outcomes><respcondition continue="Yes"><conditionvar><varequal respident="gap_0">0.625</varequal></conditionvar><setvar action="Add">0.34</setvar><displayfeedback feedbacktype="Response" linkrefid="0_Response_0"/></respcondition><respcondition continue="Yes"><conditionvar><varequal respident="gap_1">1</varequal></conditionvar><setvar action="Add">0.33</setvar><displayfeedback feedbacktype="Response" linkrefid="1_Response_0"/></respcondition><respcondition continue="Yes"><conditionvar><varequal respident="gap_2">1.143</varequal></conditionvar><setvar action="Add">0.33</setvar><displayfeedback feedbacktype="Response" linkrefid="2_Response_0"/></respcondition><respcondition continue="Yes"><conditionvar><varequal respident="gap_0">0.625</varequal><and><varequal respident="gap_1">1</varequal></and><and><varequal respident="gap_2">1.143</varequal></and></conditionvar><displayfeedback feedbacktype="Response" linkrefid="response_allcorrect"/></respcondition><respcondition continue="Yes"><conditionvar><not><varequal respident="gap_0">0.625</varequal><and><varequal respident="gap_1">1</varequal></and><and><varequal respident="gap_2">1.143</varequal></and></not></conditionvar><displayfeedback feedbacktype="Response" linkrefid="response_onenotcorrect"/></respcondition></resprocessing><itemfeedback ident="0_-10" view="All"><flow_mat><material><mattext texttype="text/plain"></mattext></material></flow_mat></itemfeedback><itemfeedback ident="1_-10" view="All"><flow_mat><material><mattext texttype="text/plain"></mattext></material></flow_mat></itemfeedback><itemfeedback ident="2_-10" view="All"><flow_mat><material><mattext texttype="text/plain"></mattext></material></flow_mat></itemfeedback><itemfeedback ident="response_allcorrect" view="All"><flow_mat><material><mattext texttype="text/xhtml">&lt;p&gt;&lt;span class=&quot;latex&quot;&gt;Support(\{vegetables\} \rightarrow \{milk\}) = P(\{vegetables, milk\}) = \frac{5}{8} = 0.625&lt;br /&gt;&lt;/span&gt;&lt;/p&gt;&#13;&#10;&lt;p&gt;&lt;span class=&quot;latex&quot;&gt;Confidence(\{vegetables\} \rightarrow \{milk\}) = \frac{Support(\{vegetables\} \rightarrow \{milk\})}{Support(\{vegetables\})} = \frac{\frac{5}{8}}{\frac{5}{8}} = 1&lt;/span&gt;&lt;/p&gt;&#13;&#10;&lt;p&gt;&lt;span class=&quot;latex&quot;&gt;Lift(\{vegetables\} \rightarrow \{milk\}) = \frac{Support(\{vegetables\} \rightarrow \{milk\})}{Support(\{vegetables\}) \cdot Support(\{milk\})} = \frac{\frac{5}{8}}{\frac{5}{8} \cdot \frac{7}{8}} = 1.143&lt;/span&gt;&lt;/p&gt;</mattext></material></flow_mat></itemfeedback><itemfeedback ident="response_onenotcorrect" view="All"><flow_mat><material><mattext texttype="text/xhtml">&lt;p&gt;&lt;span class=&quot;latex&quot;&gt;Support(\{vegetables\} \rightarrow \{milk\}) = P(\{vegetables, milk\}) = \frac{5}{8} = 0.625&lt;br /&gt;&lt;/span&gt;&lt;/p&gt;&#13;&#10;&lt;p&gt;&lt;span class=&quot;latex&quot;&gt;Confidence(\{vegetables\} \rightarrow \{milk\}) = \frac{Support(\{vegetables\} \rightarrow \{milk\})}{Support(\{vegetables\})} = \frac{\frac{5}{8}}{\frac{5}{8}} = 1&lt;/span&gt;&lt;/p&gt;&#13;&#10;&lt;p&gt;&lt;span class=&quot;latex&quot;&gt;Lift(\{vegetables\} \rightarrow \{milk\}) = \frac{Support(\{vegetables\} \rightarrow \{milk\})}{Support(\{vegetables\}) \cdot Support(\{milk\})} = \frac{\frac{5}{8}}{\frac{5}{8} \cdot \frac{7}{8}} = 1.143&lt;/span&gt;&lt;/p&gt;</mattext></material></flow_mat></itemfeedback></item><!--Generated by ILIAS XmlWriter--><item ident="il_3231_qst_1051798" title="Association Rules - Support" maxattempts="0"><qticomment></qticomment><duration>P0Y0M0DT0H0M0S</duration><itemmetadata><qtimetadata><qtimetadatafield><fieldlabel>ILIAS_VERSION</fieldlabel><fieldentry>7.5 2021-12-15</fieldentry></qtimetadatafield><qtimetadatafield><fieldlabel>QUESTIONTYPE</fieldlabel><fieldentry>KPRIM CHOICE QUESTION</fieldentry></qtimetadatafield><qtimetadatafield><fieldlabel>AUTHOR</fieldlabel><fieldentry>Jakob Bach</fieldentry></qtimetadatafield><qtimetadatafield><fieldlabel>additional_cont_edit_mode</fieldlabel><fieldentry>default</fieldentry></qtimetadatafield><qtimetadatafield><fieldlabel>externalId</fieldlabel><fieldentry>5fb3790f846893.96087918</fieldentry></qtimetadatafield><qtimetadatafield><fieldlabel>ilias_lifecycle</fieldlabel><fieldentry>draft</fieldentry></qtimetadatafield><qtimetadatafield><fieldlabel>lifecycle</fieldlabel><fieldentry>draft</fieldentry></qtimetadatafield><qtimetadatafield><fieldlabel>answer_type</fieldlabel><fieldentry>multiLine</fieldentry></qtimetadatafield><qtimetadatafield><fieldlabel>thumb_size</fieldlabel><fieldentry>150</fieldentry></qtimetadatafield><qtimetadatafield><fieldlabel>option_label_setting</fieldlabel><fieldentry>customlabel</fieldentry></qtimetadatafield><qtimetadatafield><fieldlabel>custom_true_option_label</fieldlabel><fieldentry>yes</fieldentry></qtimetadatafield><qtimetadatafield><fieldlabel>custom_false_option_label</fieldlabel><fieldentry>no</fieldentry></qtimetadatafield><qtimetadatafield><fieldlabel>feedback_setting</fieldlabel><fieldentry>1</fieldentry></qtimetadatafield></qtimetadata></itemmetadata><presentation label="Association Rules - Support"><flow><material><mattext texttype="text/xhtml">&lt;p&gt;Let the following transactions be given:&lt;/p&gt;&#13;&#10;&lt;hr /&gt;&#13;&#10;&lt;p&gt;ID  Items&lt;br /&gt;1    fruits, milk, vegetables&lt;br /&gt;2    soda, vegetables, milk, fruits&lt;br /&gt;3    vegetables, fruits, soda, beer, milk&lt;br /&gt;4    fruits, soda, milk&lt;br /&gt;5    fruits, beer, milk&lt;br /&gt;6    fruits, vegetables, soda, milk, beer&lt;br /&gt;7    soda, milk, beer, vegetables, fruits&lt;br /&gt;8    soda, fruits&lt;/p&gt;&#13;&#10;&lt;hr /&gt;&#13;&#10;&lt;p&gt;Which of the following association rules pass a support threshold of 40%?&lt;/p&gt;</mattext></material><response_lid ident="MCMR" rcardinality="Multiple"><render_choice shuffle="Yes"><response_label ident="0"><material><mattext texttype="text/xhtml">&lt;p&gt;&lt;span class=&quot;latex&quot;&gt;\{fruits\} \rightarrow \{milk\}&lt;/span&gt;&lt;/p&gt;</mattext></material></response_label><response_label ident="1"><material><mattext texttype="text/xhtml">&lt;p&gt;&lt;span class=&quot;latex&quot;&gt;\{soda\} \rightarrow \{beer\}&lt;/span&gt;&lt;/p&gt;</mattext></material></response_label><response_label ident="2"><material><mattext texttype="text/xhtml">&lt;p&gt;&lt;span class=&quot;latex&quot;&gt;\{vegetables\} \rightarrow \{milk\}&lt;/span&gt;&lt;/p&gt;</mattext></material></response_label><response_label ident="3"><material><mattext texttype="text/xhtml">&lt;p&gt;&lt;span class=&quot;latex&quot;&gt;\{milk, soda\} \rightarrow \{vegetables\}&lt;/span&gt;&lt;/p&gt;</mattext></material></response_label></render_choice></response_lid></flow></presentation><resprocessing><outcomes><decvar varname="SCORE" vartype="Decimal" defaultval="0" minvalue="0.5" maxvalue="1"/></outcomes><respcondition continue="Yes"><conditionvar><varequal respident="0">1</varequal></conditionvar><displayfeedback feedbacktype="Response" linkrefid="response_0"/></respcondition><respcondition continue="Yes"><conditionvar><varequal respident="1">0</varequal></conditionvar><displayfeedback feedbacktype="Response" linkrefid="response_1"/></respcondition><respcondition continue="Yes"><conditionvar><varequal respident="2">1</varequal></conditionvar><displayfeedback feedbacktype="Response" linkrefid="response_2"/></respcondition><respcondition continue="Yes"><conditionvar><varequal respident="3">1</varequal></conditionvar><displayfeedback feedbacktype="Response" linkrefid="response_3"/></respcondition><respcondition continue="Yes"><conditionvar><and><varequal respident="0">1</varequal><varequal respident="1">0</varequal><varequal respident="2">1</varequal><varequal respident="3">1</varequal></and></conditionvar><setvar action="Add">1</setvar><displayfeedback feedbacktype="Response" linkrefid="response_allcorrect"/></respcondition><respcondition continue="Yes"><conditionvar><or><not><varequal respident="0">1</varequal></not><not><varequal respident="1">0</varequal></not><not><varequal respident="2">1</varequal></not><not><varequal respident="3">1</varequal></not></or></conditionvar><setvar action="Add">0</setvar><displayfeedback feedbacktype="Response" linkrefid="response_onenotcorrect"/></respcondition></resprocessing><itemfeedback ident="response_0" view="All"><flow_mat><material><mattext texttype="text/plain"></mattext></material></flow_mat></itemfeedback><itemfeedback ident="response_1" view="All"><flow_mat><material><mattext texttype="text/plain"></mattext></material></flow_mat></itemfeedback><itemfeedback ident="response_2" view="All"><flow_mat><material><mattext texttype="text/plain"></mattext></material></flow_mat></itemfeedback><itemfeedback ident="response_3" view="All"><flow_mat><material><mattext texttype="text/plain"></mattext></material></flow_mat></itemfeedback><itemfeedback ident="response_allcorrect" view="All"><flow_mat><material><mattext texttype="text/xhtml">&lt;p&gt;&lt;span class=&quot;latex&quot;&gt;Support(LHS \rightarrow RHS) = Support(LHS \cup RHS)&lt;/span&gt;&lt;/p&gt;&#13;&#10;&lt;p&gt;This means support values are as follows:&lt;/p&gt;&#13;&#10;&lt;p&gt;&lt;span class=&quot;latex&quot;&gt;Support(\{fruits\} \rightarrow \{milk\}) = Support(\{fruits, milk\}) = \frac{7}{8}&lt;/span&gt;&lt;/p&gt;&#13;&#10;&lt;p&gt;&lt;span class=&quot;latex&quot;&gt;Support(\{soda\} \rightarrow \{beer\}) = Support(\{soda, beer\}) = \frac{3}{8}&lt;/span&gt;&lt;/p&gt;&#13;&#10;&lt;p&gt;&lt;span class=&quot;latex&quot;&gt;Support(\{vegetables\} \rightarrow \{milk\}) = Support(\{vegetables, milk\}) = \frac{5}{8}&lt;/span&gt;&lt;/p&gt;&#13;&#10;&lt;p&gt;&lt;span class=&quot;latex&quot;&gt;Support(\{milk, soda\} \rightarrow \{vegetables\}) = Support(\{milk, soda, vegetables\}) = \frac{4}{8}&lt;/span&gt;&lt;/p&gt;</mattext></material></flow_mat></itemfeedback><itemfeedback ident="response_onenotcorrect" view="All"><flow_mat><material><mattext texttype="text/xhtml">&lt;p&gt;&lt;span class=&quot;latex&quot;&gt;Support(LHS \rightarrow RHS) = Support(LHS \cup RHS)&lt;/span&gt;&lt;/p&gt;&#13;&#10;&lt;p&gt;This means support values are as follows:&lt;/p&gt;&#13;&#10;&lt;p&gt;&lt;span class=&quot;latex&quot;&gt;Support(\{fruits\} \rightarrow \{milk\}) = Support(\{fruits, milk\}) = \frac{7}{8}&lt;/span&gt;&lt;/p&gt;&#13;&#10;&lt;p&gt;&lt;span class=&quot;latex&quot;&gt;Support(\{soda\} \rightarrow \{beer\}) = Support(\{soda, beer\}) = \frac{3}{8}&lt;/span&gt;&lt;/p&gt;&#13;&#10;&lt;p&gt;&lt;span class=&quot;latex&quot;&gt;Support(\{vegetables\} \rightarrow \{milk\}) = Support(\{vegetables, milk\}) = \frac{5}{8}&lt;/span&gt;&lt;/p&gt;&#13;&#10;&lt;p&gt;&lt;span class=&quot;latex&quot;&gt;Support(\{milk, soda\} \rightarrow \{vegetables\}) = Support(\{milk, soda, vegetables\}) = \frac{4}{8}&lt;/span&gt;&lt;/p&gt;</mattext></material></flow_mat></itemfeedback></item><!--Generated by ILIAS XmlWriter--><item ident="il_3231_qst_1051799" title="Association Rules - Confidence" maxattempts="0"><qticomment></qticomment><duration>P0Y0M0DT0H0M0S</duration><itemmetadata><qtimetadata><qtimetadatafield><fieldlabel>ILIAS_VERSION</fieldlabel><fieldentry>7.5 2021-12-15</fieldentry></qtimetadatafield><qtimetadatafield><fieldlabel>QUESTIONTYPE</fieldlabel><fieldentry>KPRIM CHOICE QUESTION</fieldentry></qtimetadatafield><qtimetadatafield><fieldlabel>AUTHOR</fieldlabel><fieldentry>Jakob Bach</fieldentry></qtimetadatafield><qtimetadatafield><fieldlabel>additional_cont_edit_mode</fieldlabel><fieldentry>default</fieldentry></qtimetadatafield><qtimetadatafield><fieldlabel>externalId</fieldlabel><fieldentry>5fb37c7f3fc710.41303365</fieldentry></qtimetadatafield><qtimetadatafield><fieldlabel>ilias_lifecycle</fieldlabel><fieldentry>draft</fieldentry></qtimetadatafield><qtimetadatafield><fieldlabel>lifecycle</fieldlabel><fieldentry>draft</fieldentry></qtimetadatafield><qtimetadatafield><fieldlabel>answer_type</fieldlabel><fieldentry>multiLine</fieldentry></qtimetadatafield><qtimetadatafield><fieldlabel>thumb_size</fieldlabel><fieldentry>150</fieldentry></qtimetadatafield><qtimetadatafield><fieldlabel>option_label_setting</fieldlabel><fieldentry>customlabel</fieldentry></qtimetadatafield><qtimetadatafield><fieldlabel>custom_true_option_label</fieldlabel><fieldentry>yes</fieldentry></qtimetadatafield><qtimetadatafield><fieldlabel>custom_false_option_label</fieldlabel><fieldentry>no</fieldentry></qtimetadatafield><qtimetadatafield><fieldlabel>feedback_setting</fieldlabel><fieldentry>1</fieldentry></qtimetadatafield></qtimetadata></itemmetadata><presentation label="Association Rules - Confidence"><flow><material><mattext texttype="text/xhtml">&lt;p&gt;Let the following transactions be given:&lt;/p&gt;&#13;&#10;&lt;hr /&gt;&#13;&#10;&lt;p&gt;ID  Items&lt;br /&gt;1    fruits, milk, vegetables&lt;br /&gt;2    soda, vegetables, milk, fruits&lt;br /&gt;3    vegetables, fruits, soda, beer, milk&lt;br /&gt;4    fruits, soda, milk&lt;br /&gt;5    fruits, beer, milk&lt;br /&gt;6    fruits, vegetables, soda, milk, beer&lt;br /&gt;7    soda, milk, beer, vegetables, fruits&lt;br /&gt;8    soda, fruits&lt;/p&gt;&#13;&#10;&lt;hr /&gt;&#13;&#10;&lt;p&gt;Which of the following association rules pass a confidence threshold of 90%?&lt;/p&gt;</mattext></material><response_lid ident="MCMR" rcardinality="Multiple"><render_choice shuffle="Yes"><response_label ident="0"><material><mattext texttype="text/xhtml">&lt;p&gt;&lt;span class=&quot;latex&quot;&gt;\{fruits\} \rightarrow \{milk\}&lt;/span&gt;&lt;/p&gt;</mattext></material></response_label><response_label ident="1"><material><mattext texttype="text/xhtml">&lt;p&gt;&lt;span class=&quot;latex&quot;&gt;\{soda\} \rightarrow \{beer\}&lt;/span&gt;&lt;/p&gt;</mattext></material></response_label><response_label ident="2"><material><mattext texttype="text/xhtml">&lt;p&gt;&lt;span class=&quot;latex&quot;&gt;\{vegetables\} \rightarrow \{milk\}&lt;/span&gt;&lt;/p&gt;</mattext></material></response_label><response_label ident="3"><material><mattext texttype="text/xhtml">&lt;p&gt;&lt;span class=&quot;latex&quot;&gt;\{milk, soda\} \rightarrow \{vegetables\}&lt;/span&gt;&lt;/p&gt;</mattext></material></response_label></render_choice></response_lid></flow></presentation><resprocessing><outcomes><decvar varname="SCORE" vartype="Decimal" defaultval="0" minvalue="0.5" maxvalue="1"/></outcomes><respcondition continue="Yes"><conditionvar><varequal respident="0">0</varequal></conditionvar><displayfeedback feedbacktype="Response" linkrefid="response_0"/></respcondition><respcondition continue="Yes"><conditionvar><varequal respident="1">0</varequal></conditionvar><displayfeedback feedbacktype="Response" linkrefid="response_1"/></respcondition><respcondition continue="Yes"><conditionvar><varequal respident="2">1</varequal></conditionvar><displayfeedback feedbacktype="Response" linkrefid="response_2"/></respcondition><respcondition continue="Yes"><conditionvar><varequal respident="3">0</varequal></conditionvar><displayfeedback feedbacktype="Response" linkrefid="response_3"/></respcondition><respcondition continue="Yes"><conditionvar><and><varequal respident="0">0</varequal><varequal respident="1">0</varequal><varequal respident="2">1</varequal><varequal respident="3">0</varequal></and></conditionvar><setvar action="Add">1</setvar><displayfeedback feedbacktype="Response" linkrefid="response_allcorrect"/></respcondition><respcondition continue="Yes"><conditionvar><or><not><varequal respident="0">0</varequal></not><not><varequal respident="1">0</varequal></not><not><varequal respident="2">1</varequal></not><not><varequal respident="3">0</varequal></not></or></conditionvar><setvar action="Add">0</setvar><displayfeedback feedbacktype="Response" linkrefid="response_onenotcorrect"/></respcondition></resprocessing><itemfeedback ident="response_0" view="All"><flow_mat><material><mattext texttype="text/plain"></mattext></material></flow_mat></itemfeedback><itemfeedback ident="response_1" view="All"><flow_mat><material><mattext texttype="text/plain"></mattext></material></flow_mat></itemfeedback><itemfeedback ident="response_2" view="All"><flow_mat><material><mattext texttype="text/plain"></mattext></material></flow_mat></itemfeedback><itemfeedback ident="response_3" view="All"><flow_mat><material><mattext texttype="text/plain"></mattext></material></flow_mat></itemfeedback><itemfeedback ident="response_allcorrect" view="All"><flow_mat><material><mattext texttype="text/xhtml">&lt;p&gt;&lt;span class=&quot;latex&quot;&gt;Confidence(LHS \rightarrow RHS) = \frac{Support(LHS \rightarrow RHS)}{Support(LHS)}&lt;/span&gt;&lt;br /&gt;&lt;br /&gt;This means confidence values are as follows:&lt;br /&gt;&lt;br /&gt;&lt;span class=&quot;latex&quot;&gt;Confidence(\{fruits\} \rightarrow \{milk\}) = \frac{7}{8}&lt;/span&gt;&lt;br /&gt;&lt;br /&gt;&lt;span class=&quot;latex&quot;&gt;Confidence(\{soda\} \rightarrow \{beer\}) = \frac{3}{6}&lt;/span&gt;&lt;br /&gt;&lt;br /&gt;&lt;span class=&quot;latex&quot;&gt;Confidence(\{vegetables\} \rightarrow \{milk\}) = \frac{5}{5}&lt;/span&gt;&lt;br /&gt;&lt;br /&gt;&lt;span class=&quot;latex&quot;&gt;Confidence(\{milk, soda\} \rightarrow \{vegetables\}) = \frac{4}{5}&lt;/span&gt;&lt;/p&gt;</mattext></material></flow_mat></itemfeedback><itemfeedback ident="response_onenotcorrect" view="All"><flow_mat><material><mattext texttype="text/xhtml">&lt;p&gt;&lt;span class=&quot;latex&quot;&gt;Confidence(LHS \rightarrow RHS) = \frac{Support(LHS \rightarrow RHS)}{Support(LHS)}&lt;/span&gt;&lt;br /&gt;&lt;br /&gt;This means confidence values are as follows:&lt;br /&gt;&lt;br /&gt;&lt;span class=&quot;latex&quot;&gt;Confidence(\{fruits\} \rightarrow \{milk\}) = \frac{7}{8}&lt;/span&gt;&lt;br /&gt;&lt;br /&gt;&lt;span class=&quot;latex&quot;&gt;Confidence(\{soda\} \rightarrow \{beer\}) = \frac{3}{6}&lt;/span&gt;&lt;br /&gt;&lt;br /&gt;&lt;span class=&quot;latex&quot;&gt;Confidence(\{vegetables\} \rightarrow \{milk\}) = \frac{5}{5}&lt;/span&gt;&lt;br /&gt;&lt;br /&gt;&lt;span class=&quot;latex&quot;&gt;Confidence(\{milk, soda\} \rightarrow \{vegetables\}) = \frac{4}{5}&lt;/span&gt;&lt;/p&gt;</mattext></material></flow_mat></itemfeedback></item><!--Generated by ILIAS XmlWriter--><item ident="il_3231_qst_1051800" title="Apriori - Steps" maxattempts="0"><qticomment></qticomment><duration>P0Y0M0DT0H0M0S</duration><itemmetadata><qtimetadata><qtimetadatafield><fieldlabel>ILIAS_VERSION</fieldlabel><fieldentry>7.5 2021-12-15</fieldentry></qtimetadatafield><qtimetadatafield><fieldlabel>QUESTIONTYPE</fieldlabel><fieldentry>ORDERING QUESTION</fieldentry></qtimetadatafield><qtimetadatafield><fieldlabel>AUTHOR</fieldlabel><fieldentry>Jakob Bach</fieldentry></qtimetadatafield><qtimetadatafield><fieldlabel>additional_cont_edit_mode</fieldlabel><fieldentry>default</fieldentry></qtimetadatafield><qtimetadatafield><fieldlabel>externalId</fieldlabel><fieldentry>5fb29d9f7f7a07.00743373</fieldentry></qtimetadatafield><qtimetadatafield><fieldlabel>ilias_lifecycle</fieldlabel><fieldentry>draft</fieldentry></qtimetadatafield><qtimetadatafield><fieldlabel>lifecycle</fieldlabel><fieldentry>draft</fieldentry></qtimetadatafield><qtimetadatafield><fieldlabel>thumb_geometry</fieldlabel><fieldentry>100</fieldentry></qtimetadatafield><qtimetadatafield><fieldlabel>element_height</fieldlabel><fieldentry/></qtimetadatafield><qtimetadatafield><fieldlabel>points</fieldlabel><fieldentry>1</fieldentry></qtimetadatafield></qtimetadata></itemmetadata><presentation label="Apriori - Steps"><flow><material><mattext texttype="text/xhtml">&lt;p&gt;Order the steps of the Apriori algorithm!&lt;/p&gt;</mattext></material><response_lid ident="OQT" rcardinality="Ordered" output="javascript"><render_choice shuffle="Yes"><response_label ident="44354_0_0_0"><material><material><mattext texttype="text/plain">Find frequent 1-itemsets</mattext></material></material><material><mattext label="answerdepth">0</mattext></material></response_label><response_label ident="35429_1_1_0"><material><material><mattext texttype="text/plain">[BEGIN] Loop over k</mattext></material></material><material><mattext label="answerdepth">0</mattext></material></response_label><response_label ident="40018_2_2_0"><material><material><mattext texttype="text/plain">Join</mattext></material></material><material><mattext label="answerdepth">0</mattext></material></response_label><response_label ident="13295_3_3_0"><material><material><mattext texttype="text/plain">Prune</mattext></material></material><material><mattext label="answerdepth">0</mattext></material></response_label><response_label ident="7536_4_4_0"><material><material><mattext texttype="text/plain">Count support</mattext></material></material><material><mattext label="answerdepth">0</mattext></material></response_label><response_label ident="50424_5_5_0"><material><material><mattext texttype="text/plain">[END] Loop over k</mattext></material></material><material><mattext label="answerdepth">0</mattext></material></response_label><response_label ident="32491_6_6_0"><material><material><mattext texttype="text/plain">Generate association rules</mattext></material></material><material><mattext label="answerdepth">0</mattext></material></response_label></render_choice></response_lid></flow></presentation><resprocessing><outcomes><decvar></decvar></outcomes><respcondition continue="Yes"><conditionvar><varequal respident="OQT" index="0">0</varequal></conditionvar><setvar action="Add">0.14285714285714</setvar><displayfeedback feedbacktype="Response" linkrefid="link_0"/></respcondition><respcondition continue="Yes"><conditionvar><varequal respident="OQT" index="1">1</varequal></conditionvar><setvar action="Add">0.14285714285714</setvar><displayfeedback feedbacktype="Response" linkrefid="link_1"/></respcondition><respcondition continue="Yes"><conditionvar><varequal respident="OQT" index="2">2</varequal></conditionvar><setvar action="Add">0.14285714285714</setvar><displayfeedback feedbacktype="Response" linkrefid="link_2"/></respcondition><respcondition continue="Yes"><conditionvar><varequal respident="OQT" index="3">3</varequal></conditionvar><setvar action="Add">0.14285714285714</setvar><displayfeedback feedbacktype="Response" linkrefid="link_3"/></respcondition><respcondition continue="Yes"><conditionvar><varequal respident="OQT" index="4">4</varequal></conditionvar><setvar action="Add">0.14285714285714</setvar><displayfeedback feedbacktype="Response" linkrefid="link_4"/></respcondition><respcondition continue="Yes"><conditionvar><varequal respident="OQT" index="5">5</varequal></conditionvar><setvar action="Add">0.14285714285714</setvar><displayfeedback feedbacktype="Response" linkrefid="link_5"/></respcondition><respcondition continue="Yes"><conditionvar><varequal respident="OQT" index="6">6</varequal></conditionvar><setvar action="Add">0.14285714285714</setvar><displayfeedback feedbacktype="Response" linkrefid="link_6"/></respcondition><respcondition continue="Yes"><conditionvar><varequal respident="OQT" index="0">0</varequal><varequal respident="OQT" index="1">1</varequal><varequal respident="OQT" index="2">2</varequal><varequal respident="OQT" index="3">3</varequal><varequal respident="OQT" index="4">4</varequal><varequal respident="OQT" index="5">5</varequal><varequal respident="OQT" index="6">6</varequal></conditionvar><displayfeedback feedbacktype="Response" linkrefid="response_allcorrect"/></respcondition><respcondition continue="Yes"><conditionvar><not><varequal respident="OQT" index="0">0</varequal><varequal respident="OQT" index="1">1</varequal><varequal respident="OQT" index="2">2</varequal><varequal respident="OQT" index="3">3</varequal><varequal respident="OQT" index="4">4</varequal><varequal respident="OQT" index="5">5</varequal><varequal respident="OQT" index="6">6</varequal></not></conditionvar><displayfeedback feedbacktype="Response" linkrefid="response_onenotcorrect"/></respcondition></resprocessing><itemfeedback ident="link_0" view="All"><flow_mat><material><mattext></mattext></material></flow_mat></itemfeedback><itemfeedback ident="link_1" view="All"><flow_mat><material><mattext></mattext></material></flow_mat></itemfeedback><itemfeedback ident="link_2" view="All"><flow_mat><material><mattext></mattext></material></flow_mat></itemfeedback><itemfeedback ident="link_3" view="All"><flow_mat><material><mattext></mattext></material></flow_mat></itemfeedback><itemfeedback ident="link_4" view="All"><flow_mat><material><mattext></mattext></material></flow_mat></itemfeedback><itemfeedback ident="link_5" view="All"><flow_mat><material><mattext></mattext></material></flow_mat></itemfeedback><itemfeedback ident="link_6" view="All"><flow_mat><material><mattext></mattext></material></flow_mat></itemfeedback><itemfeedback ident="response_allcorrect" view="All"><flow_mat><material><mattext texttype="text/xhtml">&lt;p&gt;See the lecture.&lt;/p&gt;</mattext></material></flow_mat></itemfeedback><itemfeedback ident="response_onenotcorrect" view="All"><flow_mat><material><mattext texttype="text/xhtml">&lt;p&gt;See the lecture.&lt;/p&gt;</mattext></material></flow_mat></itemfeedback></item><!--Generated by ILIAS XmlWriter--><item ident="il_3231_qst_1068066" title="Apriori - Anti-Monotonicity" maxattempts="0"><qticomment></qticomment><duration>P0Y0M0DT0H1M0S</duration><itemmetadata><qtimetadata><qtimetadatafield><fieldlabel>ILIAS_VERSION</fieldlabel><fieldentry>7.5 2021-12-15</fieldentry></qtimetadatafield><qtimetadatafield><fieldlabel>QUESTIONTYPE</fieldlabel><fieldentry>MULTIPLE CHOICE QUESTION</fieldentry></qtimetadatafield><qtimetadatafield><fieldlabel>AUTHOR</fieldlabel><fieldentry>Jakob Bach</fieldentry></qtimetadatafield><qtimetadatafield><fieldlabel>additional_cont_edit_mode</fieldlabel><fieldentry>default</fieldentry></qtimetadatafield><qtimetadatafield><fieldlabel>externalId</fieldlabel><fieldentry>61a9e2659db278.10106435</fieldentry></qtimetadatafield><qtimetadatafield><fieldlabel>ilias_lifecycle</fieldlabel><fieldentry>draft</fieldentry></qtimetadatafield><qtimetadatafield><fieldlabel>lifecycle</fieldlabel><fieldentry>draft</fieldentry></qtimetadatafield><qtimetadatafield><fieldlabel>thumb_size</fieldlabel><fieldentry/></qtimetadatafield><qtimetadatafield><fieldlabel>feedback_setting</fieldlabel><fieldentry>1</fieldentry></qtimetadatafield><qtimetadatafield><fieldlabel>singleline</fieldlabel><fieldentry>0</fieldentry></qtimetadatafield></qtimetadata></itemmetadata><presentation label="Apriori - Anti-Monotonicity"><flow><material><mattext texttype="text/xhtml">&lt;p&gt;Let &lt;span class=&quot;latex&quot;&gt;\{A, B, C\}&lt;/span&gt; be an itemset. Which of the following statements are true?&lt;/p&gt;</mattext></material><response_lid ident="MCMR" rcardinality="Multiple"><render_choice shuffle="Yes"><response_label ident="0"><material><mattext texttype="text/xhtml">&lt;p&gt;If &lt;span class=&quot;latex&quot;&gt;\{A, B\}&lt;/span&gt; is frequent, then &lt;span class=&quot;latex&quot;&gt;\{A, B, C\}&lt;/span&gt; is frequent.&lt;/p&gt;</mattext></material></response_label><response_label ident="1"><material><mattext texttype="text/xhtml">&lt;p&gt;If &lt;span class=&quot;latex&quot;&gt;\{A, B\}&lt;/span&gt; is not frequent, then &lt;span class=&quot;latex&quot;&gt;\{A, B, C\}&lt;/span&gt; is not frequent.&lt;/p&gt;</mattext></material></response_label><response_label ident="2"><material><mattext texttype="text/xhtml">&lt;p&gt;If &lt;span class=&quot;latex&quot;&gt;\{A, B, C\}&lt;/span&gt; is frequent, then &lt;span class=&quot;latex&quot;&gt;\{A, B\}&lt;/span&gt; is frequent.&lt;/p&gt;</mattext></material></response_label><response_label ident="3"><material><mattext texttype="text/xhtml">&lt;p&gt;If &lt;span class=&quot;latex&quot;&gt;\{A, B, C\}&lt;/span&gt; is not frequent, then &lt;span class=&quot;latex&quot;&gt;\{A, B\}&lt;/span&gt; is not frequent.&lt;/p&gt;</mattext></material></response_label></render_choice></response_lid></flow></presentation><resprocessing><outcomes><decvar></decvar></outcomes><respcondition continue="Yes"><conditionvar><varequal respident="MCMR">0</varequal></conditionvar><setvar action="Add">0</setvar><displayfeedback feedbacktype="Response" linkrefid="response_0"/></respcondition><respcondition continue="Yes"><conditionvar><not><varequal respident="MCMR">0</varequal></not></conditionvar><setvar action="Add">0.25</setvar></respcondition><respcondition continue="Yes"><conditionvar><varequal respident="MCMR">1</varequal></conditionvar><setvar action="Add">0.25</setvar><displayfeedback feedbacktype="Response" linkrefid="response_1"/></respcondition><respcondition continue="Yes"><conditionvar><not><varequal respident="MCMR">1</varequal></not></conditionvar><setvar action="Add">0</setvar></respcondition><respcondition continue="Yes"><conditionvar><varequal respident="MCMR">2</varequal></conditionvar><setvar action="Add">0.25</setvar><displayfeedback feedbacktype="Response" linkrefid="response_2"/></respcondition><respcondition continue="Yes"><conditionvar><not><varequal respident="MCMR">2</varequal></not></conditionvar><setvar action="Add">0</setvar></respcondition><respcondition continue="Yes"><conditionvar><varequal respident="MCMR">3</varequal></conditionvar><setvar action="Add">0</setvar><displayfeedback feedbacktype="Response" linkrefid="response_3"/></respcondition><respcondition continue="Yes"><conditionvar><not><varequal respident="MCMR">3</varequal></not></conditionvar><setvar action="Add">0.25</setvar></respcondition><respcondition continue="Yes"><conditionvar><not><varequal respident="MCMR">0</varequal></not><varequal respident="MCMR">1</varequal><varequal respident="MCMR">2</varequal><not><varequal respident="MCMR">3</varequal></not></conditionvar><displayfeedback feedbacktype="Response" linkrefid="response_allcorrect"/></respcondition><respcondition continue="Yes"><conditionvar><varequal respident="MCMR">0</varequal><or><not><varequal respident="MCMR">1</varequal></not></or><or><not><varequal respident="MCMR">2</varequal></not></or><or><varequal respident="MCMR">3</varequal></or></conditionvar><displayfeedback feedbacktype="Response" linkrefid="response_onenotcorrect"/></respcondition></resprocessing><itemfeedback ident="response_0" view="All"><flow_mat><material><mattext texttype="text/plain"></mattext></material></flow_mat></itemfeedback><itemfeedback ident="response_1" view="All"><flow_mat><material><mattext texttype="text/plain"></mattext></material></flow_mat></itemfeedback><itemfeedback ident="response_2" view="All"><flow_mat><material><mattext texttype="text/plain"></mattext></material></flow_mat></itemfeedback><itemfeedback ident="response_3" view="All"><flow_mat><material><mattext texttype="text/plain"></mattext></material></flow_mat></itemfeedback><itemfeedback ident="response_allcorrect" view="All"><flow_mat><material><mattext texttype="text/xhtml">&lt;p&gt;Anti-monotonicity means:&lt;/p&gt;&#13;&#10;&lt;ul&gt;&#13;&#10;&lt;li&gt;Any nonempty subset of a frequent itemset is frequent too.&lt;/li&gt;&#13;&#10;&lt;li&gt;Any superset of non-frequent itemset is non-frequent too.&lt;/li&gt;&#13;&#10;&lt;/ul&gt;</mattext></material></flow_mat></itemfeedback><itemfeedback ident="response_onenotcorrect" view="All"><flow_mat><material><mattext texttype="text/xhtml">&lt;p&gt;Anti-monotonicity means:&lt;/p&gt;&#13;&#10;&lt;ul&gt;&#13;&#10;&lt;li&gt;Any nonempty subset of a frequent itemset is frequent too.&lt;/li&gt;&#13;&#10;&lt;li&gt;Any superset of non-frequent itemset is non-frequent too.&lt;/li&gt;&#13;&#10;&lt;/ul&gt;</mattext></material></flow_mat></itemfeedback></item><!--Generated by ILIAS XmlWriter--><item ident="il_3231_qst_1051801" title="Apriori - Pruning" maxattempts="0"><qticomment></qticomment><duration>P0Y0M0DT0H0M0S</duration><itemmetadata><qtimetadata><qtimetadatafield><fieldlabel>ILIAS_VERSION</fieldlabel><fieldentry>7.5 2021-12-15</fieldentry></qtimetadatafield><qtimetadatafield><fieldlabel>QUESTIONTYPE</fieldlabel><fieldentry>KPRIM CHOICE QUESTION</fieldentry></qtimetadatafield><qtimetadatafield><fieldlabel>AUTHOR</fieldlabel><fieldentry>Jakob Bach</fieldentry></qtimetadatafield><qtimetadatafield><fieldlabel>additional_cont_edit_mode</fieldlabel><fieldentry>default</fieldentry></qtimetadatafield><qtimetadatafield><fieldlabel>externalId</fieldlabel><fieldentry>5fb38180ae5e44.04284716</fieldentry></qtimetadatafield><qtimetadatafield><fieldlabel>ilias_lifecycle</fieldlabel><fieldentry>draft</fieldentry></qtimetadatafield><qtimetadatafield><fieldlabel>lifecycle</fieldlabel><fieldentry>draft</fieldentry></qtimetadatafield><qtimetadatafield><fieldlabel>answer_type</fieldlabel><fieldentry>singleLine</fieldentry></qtimetadatafield><qtimetadatafield><fieldlabel>thumb_size</fieldlabel><fieldentry>150</fieldentry></qtimetadatafield><qtimetadatafield><fieldlabel>option_label_setting</fieldlabel><fieldentry>customlabel</fieldentry></qtimetadatafield><qtimetadatafield><fieldlabel>custom_true_option_label</fieldlabel><fieldentry>yes</fieldentry></qtimetadatafield><qtimetadatafield><fieldlabel>custom_false_option_label</fieldlabel><fieldentry>no</fieldentry></qtimetadatafield><qtimetadatafield><fieldlabel>feedback_setting</fieldlabel><fieldentry>1</fieldentry></qtimetadatafield></qtimetadata></itemmetadata><presentation label="Apriori - Pruning"><flow><material><mattext texttype="text/xhtml">&lt;p&gt;Let the following frequent itemsets of size two be given (there are no further frequent itemsets of size two):&lt;/p&gt;&#13;&#10;&lt;hr /&gt;&#13;&#10;&lt;p&gt;{A, B}&lt;/p&gt;&#13;&#10;&lt;p&gt;{A, C}&lt;/p&gt;&#13;&#10;&lt;p&gt;{A, D}&lt;/p&gt;&#13;&#10;&lt;p&gt;{B, D}&lt;/p&gt;&#13;&#10;&lt;p&gt;{C, D}&lt;/p&gt;&#13;&#10;&lt;hr /&gt;&#13;&#10;&lt;p&gt;Which of the following itemsets of size three can be pruned in the Apriori algorithm?&lt;/p&gt;</mattext></material><response_lid ident="MCMR" rcardinality="Multiple"><render_choice shuffle="Yes"><response_label ident="0"><material><mattext texttype="text/plain">{A, B, C}</mattext></material></response_label><response_label ident="1"><material><mattext texttype="text/plain">{A, B, D}</mattext></material></response_label><response_label ident="2"><material><mattext texttype="text/plain">{A, C, D}</mattext></material></response_label><response_label ident="3"><material><mattext texttype="text/plain">{B, C, D}</mattext></material></response_label></render_choice></response_lid></flow></presentation><resprocessing><outcomes><decvar varname="SCORE" vartype="Decimal" defaultval="0" minvalue="0.5" maxvalue="1"/></outcomes><respcondition continue="Yes"><conditionvar><varequal respident="0">1</varequal></conditionvar><displayfeedback feedbacktype="Response" linkrefid="response_0"/></respcondition><respcondition continue="Yes"><conditionvar><varequal respident="1">0</varequal></conditionvar><displayfeedback feedbacktype="Response" linkrefid="response_1"/></respcondition><respcondition continue="Yes"><conditionvar><varequal respident="2">0</varequal></conditionvar><displayfeedback feedbacktype="Response" linkrefid="response_2"/></respcondition><respcondition continue="Yes"><conditionvar><varequal respident="3">1</varequal></conditionvar><displayfeedback feedbacktype="Response" linkrefid="response_3"/></respcondition><respcondition continue="Yes"><conditionvar><and><varequal respident="0">1</varequal><varequal respident="1">0</varequal><varequal respident="2">0</varequal><varequal respident="3">1</varequal></and></conditionvar><setvar action="Add">1</setvar><displayfeedback feedbacktype="Response" linkrefid="response_allcorrect"/></respcondition><respcondition continue="Yes"><conditionvar><or><not><varequal respident="0">1</varequal></not><not><varequal respident="1">0</varequal></not><not><varequal respident="2">0</varequal></not><not><varequal respident="3">1</varequal></not></or></conditionvar><setvar action="Add">0</setvar><displayfeedback feedbacktype="Response" linkrefid="response_onenotcorrect"/></respcondition></resprocessing><itemfeedback ident="response_0" view="All"><flow_mat><material><mattext texttype="text/plain"></mattext></material></flow_mat></itemfeedback><itemfeedback ident="response_1" view="All"><flow_mat><material><mattext texttype="text/plain"></mattext></material></flow_mat></itemfeedback><itemfeedback ident="response_2" view="All"><flow_mat><material><mattext texttype="text/plain"></mattext></material></flow_mat></itemfeedback><itemfeedback ident="response_3" view="All"><flow_mat><material><mattext texttype="text/plain"></mattext></material></flow_mat></itemfeedback><itemfeedback ident="response_allcorrect" view="All"><flow_mat><material><mattext texttype="text/xhtml">&lt;p&gt;Apriori can prune all itemsets of size three that contain a non-frequent subset of size two. For each itemset of size three, there are three such subsets to be checked. Here, the itemset {B, C} is not frequent and can be used for pruning.&lt;/p&gt;</mattext></material></flow_mat></itemfeedback><itemfeedback ident="response_onenotcorrect" view="All"><flow_mat><material><mattext texttype="text/xhtml">&lt;p&gt;Apriori can prune all itemsets of size three that contain a non-frequent subset of size two. For each itemset of size three, there are three such subsets to be checked. Here, the itemset {B, C} is not frequent and can be used for pruning.&lt;/p&gt;</mattext></material></flow_mat></itemfeedback></item><!--Generated by ILIAS XmlWriter--><item ident="il_3231_qst_1068068" title="Apriori Improvements - Hash Filter" maxattempts="0"><qticomment></qticomment><duration>P0Y0M0DT0H0M0S</duration><itemmetadata><qtimetadata><qtimetadatafield><fieldlabel>ILIAS_VERSION</fieldlabel><fieldentry>7.5 2021-12-15</fieldentry></qtimetadatafield><qtimetadatafield><fieldlabel>QUESTIONTYPE</fieldlabel><fieldentry>MULTIPLE CHOICE QUESTION</fieldentry></qtimetadatafield><qtimetadatafield><fieldlabel>AUTHOR</fieldlabel><fieldentry>Jakob Bach</fieldentry></qtimetadatafield><qtimetadatafield><fieldlabel>additional_cont_edit_mode</fieldlabel><fieldentry>default</fieldentry></qtimetadatafield><qtimetadatafield><fieldlabel>externalId</fieldlabel><fieldentry>61a9eaf5676657.66416311</fieldentry></qtimetadatafield><qtimetadatafield><fieldlabel>ilias_lifecycle</fieldlabel><fieldentry>draft</fieldentry></qtimetadatafield><qtimetadatafield><fieldlabel>lifecycle</fieldlabel><fieldentry>draft</fieldentry></qtimetadatafield><qtimetadatafield><fieldlabel>thumb_size</fieldlabel><fieldentry/></qtimetadatafield><qtimetadatafield><fieldlabel>feedback_setting</fieldlabel><fieldentry>1</fieldentry></qtimetadatafield><qtimetadatafield><fieldlabel>singleline</fieldlabel><fieldentry>1</fieldentry></qtimetadatafield></qtimetadata></itemmetadata><presentation label="Apriori Improvements - Hash Filter"><flow><material><mattext texttype="text/xhtml">&lt;p&gt;Let the following transactions be given:&lt;/p&gt;&#13;&#10;&lt;hr /&gt;&#13;&#10;&lt;p&gt;{1, 2, 3}&lt;/p&gt;&#13;&#10;&lt;p&gt;{3, 5}&lt;/p&gt;&#13;&#10;&lt;p&gt;{1, 2, 4}&lt;/p&gt;&#13;&#10;&lt;p&gt;{2}&lt;/p&gt;&#13;&#10;&lt;p&gt;{1, 3}&lt;/p&gt;&#13;&#10;&lt;hr /&gt;&#13;&#10;&lt;p&gt;Assume we have a hash filter with the function &lt;span class=&quot;latex&quot;&gt;(\sum_i a_i)~mod~3&lt;/span&gt;. Which of the following 2-itemsets can be pruned when scanning the database for 1-itemsets, assuming a support threshold of 60%?&lt;/p&gt;</mattext></material><response_lid ident="MCMR" rcardinality="Multiple"><render_choice shuffle="Yes"><response_label ident="0"><material><mattext texttype="text/plain">{1,2}</mattext></material></response_label><response_label ident="1"><material><mattext texttype="text/plain">{1,3}</mattext></material></response_label><response_label ident="2"><material><mattext texttype="text/plain">{2,3}</mattext></material></response_label></render_choice></response_lid></flow></presentation><resprocessing><outcomes><decvar></decvar></outcomes><respcondition continue="Yes"><conditionvar><varequal respident="MCMR">0</varequal></conditionvar><setvar action="Add">0</setvar><displayfeedback feedbacktype="Response" linkrefid="response_0"/></respcondition><respcondition continue="Yes"><conditionvar><not><varequal respident="MCMR">0</varequal></not></conditionvar><setvar action="Add">0.33</setvar></respcondition><respcondition continue="Yes"><conditionvar><varequal respident="MCMR">1</varequal></conditionvar><setvar action="Add">0.34</setvar><displayfeedback feedbacktype="Response" linkrefid="response_1"/></respcondition><respcondition continue="Yes"><conditionvar><not><varequal respident="MCMR">1</varequal></not></conditionvar><setvar action="Add">0</setvar></respcondition><respcondition continue="Yes"><conditionvar><varequal respident="MCMR">2</varequal></conditionvar><setvar action="Add">0</setvar><displayfeedback feedbacktype="Response" linkrefid="response_2"/></respcondition><respcondition continue="Yes"><conditionvar><not><varequal respident="MCMR">2</varequal></not></conditionvar><setvar action="Add">0.33</setvar></respcondition><respcondition continue="Yes"><conditionvar><not><varequal respident="MCMR">0</varequal></not><varequal respident="MCMR">1</varequal><not><varequal respident="MCMR">2</varequal></not></conditionvar><displayfeedback feedbacktype="Response" linkrefid="response_allcorrect"/></respcondition><respcondition continue="Yes"><conditionvar><varequal respident="MCMR">0</varequal><or><not><varequal respident="MCMR">1</varequal></not></or><or><varequal respident="MCMR">2</varequal></or></conditionvar><displayfeedback feedbacktype="Response" linkrefid="response_onenotcorrect"/></respcondition></resprocessing><itemfeedback ident="response_0" view="All"><flow_mat><material><mattext texttype="text/plain"></mattext></material></flow_mat></itemfeedback><itemfeedback ident="response_1" view="All"><flow_mat><material><mattext texttype="text/plain"></mattext></material></flow_mat></itemfeedback><itemfeedback ident="response_2" view="All"><flow_mat><material><mattext texttype="text/plain"></mattext></material></flow_mat></itemfeedback><itemfeedback ident="response_allcorrect" view="All"><flow_mat><material><mattext texttype="text/xhtml">&lt;p&gt;Initialization of hash filter: 0|0|0&lt;/p&gt;&#13;&#10;&lt;p&gt;After 1st transaction (contains three 2-itemsets): 1|1|1&lt;/p&gt;&#13;&#10;&lt;p&gt;After 2nd transaction (contains one 2-itemset): 1|1|2&lt;/p&gt;&#13;&#10;&lt;p&gt;After 3rd transaction (contains three 2-itemsets): 3|1|3&lt;/p&gt;&#13;&#10;&lt;p&gt;After 4th transaction (contains no 2-itemsets): 3|1|3&lt;/p&gt;&#13;&#10;&lt;p&gt;After 5th transaction (contains one 2-itemset): 3|2|3&lt;/p&gt;&#13;&#10;&lt;p&gt;The hash values of the 2-itemsets mentioned in the task are:&lt;/p&gt;&#13;&#10;&lt;p&gt;&lt;span class=&quot;latex&quot;&gt;h(\{1, 2\})= 0&lt;/span&gt;&lt;/p&gt;&#13;&#10;&lt;p&gt;&lt;span class=&quot;latex&quot;&gt;h(\{1, 3\})= 1&lt;br /&gt;&lt;/span&gt;&lt;/p&gt;&#13;&#10;&lt;p&gt;&lt;span class=&quot;latex&quot;&gt;h(\{2, 3\})= 2&lt;br /&gt;&lt;/span&gt;&lt;/p&gt;&#13;&#10;&lt;p&gt;Itemset {1, 3}&apos;s hash value does not meet the support of 60%, so this itemset can be pruned. Note that actually all 2-itemsets do not meet the support threshold, but not all of them can be pruned, due to hash collisions.&lt;/p&gt;</mattext></material></flow_mat></itemfeedback><itemfeedback ident="response_onenotcorrect" view="All"><flow_mat><material><mattext texttype="text/xhtml">&lt;p&gt;Initialization of hash filter: 0|0|0&lt;/p&gt;&#13;&#10;&lt;p&gt;After 1st transaction (contains three 2-itemsets): 1|1|1&lt;/p&gt;&#13;&#10;&lt;p&gt;After 2nd transaction (contains one 2-itemset): 1|1|2&lt;/p&gt;&#13;&#10;&lt;p&gt;After 3rd transaction (contains three 2-itemsets): 3|1|3&lt;/p&gt;&#13;&#10;&lt;p&gt;After 4th transaction (contains no 2-itemsets): 3|1|3&lt;/p&gt;&#13;&#10;&lt;p&gt;After 5th transaction (contains one 2-itemset): 3|2|3&lt;/p&gt;&#13;&#10;&lt;p&gt;The hash values of the 2-itemsets mentioned in the task are:&lt;/p&gt;&#13;&#10;&lt;p&gt;&lt;span class=&quot;latex&quot;&gt;h(\{1, 2\})= 0&lt;/span&gt;&lt;/p&gt;&#13;&#10;&lt;p&gt;&lt;span class=&quot;latex&quot;&gt;h(\{1, 3\})= 1&lt;br /&gt;&lt;/span&gt;&lt;/p&gt;&#13;&#10;&lt;p&gt;&lt;span class=&quot;latex&quot;&gt;h(\{2, 3\})= 2&lt;br /&gt;&lt;/span&gt;&lt;/p&gt;&#13;&#10;&lt;p&gt;Itemset {1, 3}&apos;s hash value does not meet the support of 60%, so this itemset can be pruned. Note that actually all 2-itemsets do not meet the support threshold, but not all of them can be pruned, due to hash collisions.&lt;/p&gt;</mattext></material></flow_mat></itemfeedback></item><!--Generated by ILIAS XmlWriter--><item ident="il_3231_qst_1051802" title="FP-Tree - Sorting" maxattempts="0"><qticomment></qticomment><duration>P0Y0M0DT0H0M0S</duration><itemmetadata><qtimetadata><qtimetadatafield><fieldlabel>ILIAS_VERSION</fieldlabel><fieldentry>7.5 2021-12-15</fieldentry></qtimetadatafield><qtimetadatafield><fieldlabel>QUESTIONTYPE</fieldlabel><fieldentry>ORDERING QUESTION</fieldentry></qtimetadatafield><qtimetadatafield><fieldlabel>AUTHOR</fieldlabel><fieldentry>Jakob Bach</fieldentry></qtimetadatafield><qtimetadatafield><fieldlabel>additional_cont_edit_mode</fieldlabel><fieldentry>default</fieldentry></qtimetadatafield><qtimetadatafield><fieldlabel>externalId</fieldlabel><fieldentry>5fb29ee4497a01.88190620</fieldentry></qtimetadatafield><qtimetadatafield><fieldlabel>ilias_lifecycle</fieldlabel><fieldentry>draft</fieldentry></qtimetadatafield><qtimetadatafield><fieldlabel>lifecycle</fieldlabel><fieldentry>draft</fieldentry></qtimetadatafield><qtimetadatafield><fieldlabel>thumb_geometry</fieldlabel><fieldentry>100</fieldentry></qtimetadatafield><qtimetadatafield><fieldlabel>element_height</fieldlabel><fieldentry/></qtimetadatafield><qtimetadatafield><fieldlabel>points</fieldlabel><fieldentry>1</fieldentry></qtimetadatafield></qtimetadata></itemmetadata><presentation label="FP-Tree - Sorting"><flow><material><mattext texttype="text/xhtml">&lt;p&gt;Let the following transactions be given. Order the items according to their order in an FP-tree (assuming the items form a path in the tree and the root node is at the top)!&lt;/p&gt;&#13;&#10;&lt;hr /&gt;&#13;&#10;&lt;p&gt;ID  Items&lt;br /&gt;1    fruits, milk, vegetables&lt;br /&gt;2    soda, vegetables, milk, fruits&lt;br /&gt;3    vegetables, fruits, soda, beer, milk&lt;br /&gt;4    fruits, soda, milk&lt;br /&gt;5    fruits, beer, milk&lt;br /&gt;6    fruits, vegetables, soda, milk, beer&lt;br /&gt;7    soda, milk, beer, vegetables, fruits&lt;br /&gt;8    soda, fruits&lt;/p&gt;</mattext></material><response_lid ident="OQT" rcardinality="Ordered" output="javascript"><render_choice shuffle="Yes"><response_label ident="16998_0_0_0"><material><material><mattext texttype="text/plain">fruits</mattext></material></material><material><mattext label="answerdepth">0</mattext></material></response_label><response_label ident="53565_1_1_0"><material><material><mattext texttype="text/plain">milk</mattext></material></material><material><mattext label="answerdepth">0</mattext></material></response_label><response_label ident="87371_2_2_0"><material><material><mattext texttype="text/plain">soda</mattext></material></material><material><mattext label="answerdepth">0</mattext></material></response_label><response_label ident="31798_3_3_0"><material><material><mattext texttype="text/plain">vegetables</mattext></material></material><material><mattext label="answerdepth">0</mattext></material></response_label><response_label ident="18672_4_4_0"><material><material><mattext texttype="text/plain">beer</mattext></material></material><material><mattext label="answerdepth">0</mattext></material></response_label></render_choice></response_lid></flow></presentation><resprocessing><outcomes><decvar></decvar></outcomes><respcondition continue="Yes"><conditionvar><varequal respident="OQT" index="0">0</varequal></conditionvar><setvar action="Add">0.2</setvar><displayfeedback feedbacktype="Response" linkrefid="link_0"/></respcondition><respcondition continue="Yes"><conditionvar><varequal respident="OQT" index="1">1</varequal></conditionvar><setvar action="Add">0.2</setvar><displayfeedback feedbacktype="Response" linkrefid="link_1"/></respcondition><respcondition continue="Yes"><conditionvar><varequal respident="OQT" index="2">2</varequal></conditionvar><setvar action="Add">0.2</setvar><displayfeedback feedbacktype="Response" linkrefid="link_2"/></respcondition><respcondition continue="Yes"><conditionvar><varequal respident="OQT" index="3">3</varequal></conditionvar><setvar action="Add">0.2</setvar><displayfeedback feedbacktype="Response" linkrefid="link_3"/></respcondition><respcondition continue="Yes"><conditionvar><varequal respident="OQT" index="4">4</varequal></conditionvar><setvar action="Add">0.2</setvar><displayfeedback feedbacktype="Response" linkrefid="link_4"/></respcondition><respcondition continue="Yes"><conditionvar><varequal respident="OQT" index="0">0</varequal><varequal respident="OQT" index="1">1</varequal><varequal respident="OQT" index="2">2</varequal><varequal respident="OQT" index="3">3</varequal><varequal respident="OQT" index="4">4</varequal></conditionvar><displayfeedback feedbacktype="Response" linkrefid="response_allcorrect"/></respcondition><respcondition continue="Yes"><conditionvar><not><varequal respident="OQT" index="0">0</varequal><varequal respident="OQT" index="1">1</varequal><varequal respident="OQT" index="2">2</varequal><varequal respident="OQT" index="3">3</varequal><varequal respident="OQT" index="4">4</varequal></not></conditionvar><displayfeedback feedbacktype="Response" linkrefid="response_onenotcorrect"/></respcondition></resprocessing><itemfeedback ident="link_0" view="All"><flow_mat><material><mattext></mattext></material></flow_mat></itemfeedback><itemfeedback ident="link_1" view="All"><flow_mat><material><mattext></mattext></material></flow_mat></itemfeedback><itemfeedback ident="link_2" view="All"><flow_mat><material><mattext></mattext></material></flow_mat></itemfeedback><itemfeedback ident="link_3" view="All"><flow_mat><material><mattext></mattext></material></flow_mat></itemfeedback><itemfeedback ident="link_4" view="All"><flow_mat><material><mattext></mattext></material></flow_mat></itemfeedback><itemfeedback ident="response_allcorrect" view="All"><flow_mat><material><mattext texttype="text/xhtml">&lt;p&gt;The items are ordered according to their frequency over all transactions (fruits: 8, milk: 7, soda: 6, vegetables: 5, beer: 4). More frequent items appear closer to the root of the tree.&lt;/p&gt;</mattext></material></flow_mat></itemfeedback><itemfeedback ident="response_onenotcorrect" view="All"><flow_mat><material><mattext texttype="text/xhtml">&lt;p&gt;The items are ordered according to their frequency over all transactions (fruits: 8, milk: 7, soda: 6, vegetables: 5, beer: 4). More frequent items appear closer to the root of the tree.&lt;/p&gt;</mattext></material></flow_mat></itemfeedback></item><!--Generated by ILIAS XmlWriter--><item ident="il_3231_qst_1051803" title="FP-Tree - Construction" maxattempts="0"><qticomment></qticomment><duration>P0Y0M0DT0H0M0S</duration><itemmetadata><qtimetadata><qtimetadatafield><fieldlabel>ILIAS_VERSION</fieldlabel><fieldentry>7.5 2021-12-15</fieldentry></qtimetadatafield><qtimetadatafield><fieldlabel>QUESTIONTYPE</fieldlabel><fieldentry>NUMERIC QUESTION</fieldentry></qtimetadatafield><qtimetadatafield><fieldlabel>AUTHOR</fieldlabel><fieldentry>Jakob Bach</fieldentry></qtimetadatafield><qtimetadatafield><fieldlabel>additional_cont_edit_mode</fieldlabel><fieldentry>default</fieldentry></qtimetadatafield><qtimetadatafield><fieldlabel>externalId</fieldlabel><fieldentry>5fb2a13e168245.15489964</fieldentry></qtimetadatafield><qtimetadatafield><fieldlabel>ilias_lifecycle</fieldlabel><fieldentry>draft</fieldentry></qtimetadatafield><qtimetadatafield><fieldlabel>lifecycle</fieldlabel><fieldentry>draft</fieldentry></qtimetadatafield></qtimetadata></itemmetadata><presentation label="FP-Tree - Construction"><flow><material><mattext texttype="text/xhtml">&lt;p&gt;Let the following transactions be given. How many edges does the corresponding FP-tree contain (the first edge starts from a dedicated &quot;root&quot; node, the remaining nodes correspond to the items)?&lt;/p&gt;&#13;&#10;&lt;hr /&gt;&#13;&#10;&lt;p&gt;&lt;/p&gt;&#13;&#10;&lt;p&gt;ID  Items&lt;br /&gt;1    fruits, milk, vegetables&lt;br /&gt;2    soda, vegetables, milk, fruits&lt;br /&gt;3    vegetables, fruits, soda, beer, milk&lt;br /&gt;4    fruits, soda, milk&lt;br /&gt;5    fruits, beer, milk&lt;br /&gt;6    fruits, vegetables, soda, milk, beer&lt;br /&gt;7    soda, milk, beer, vegetables, fruits&lt;br /&gt;8    soda, fruits&lt;/p&gt;</mattext></material><response_num ident="NUM" rcardinality="Single" numtype="Decimal"><render_fib fibtype="Decimal" maxchars="2"></render_fib></response_num></flow></presentation><resprocessing><outcomes><decvar></decvar></outcomes><respcondition><conditionvar><vargte respident="NUM">8</vargte><varlte respident="NUM">8</varlte></conditionvar><setvar action="Add">1</setvar><displayfeedback feedbacktype="Response" linkrefid="Correct"/></respcondition><respcondition continue="Yes"><conditionvar><vargte respident="NUM">8</vargte><varlte respident="NUM">8</varlte></conditionvar><displayfeedback feedbacktype="Response" linkrefid="response_allcorrect"/></respcondition><respcondition continue="Yes"><conditionvar><not><vargte respident="NUM">8</vargte><varlte respident="NUM">8</varlte></not></conditionvar><displayfeedback feedbacktype="Response" linkrefid="response_onenotcorrect"/></respcondition></resprocessing><itemfeedback ident="Correct" view="All"><flow_mat><material><mattext/></material></flow_mat></itemfeedback><itemfeedback ident="response_allcorrect" view="All"><flow_mat><material><mattext texttype="text/xhtml">&lt;p&gt;An exemplary tree could look like this (the horizontal order of child nodes is arbitrary here):&lt;/p&gt;&#13;&#10;&lt;p&gt;&lt;img height=&quot;400&quot; src=&quot;il_3231_mob_1827723&quot; width=&quot;348&quot; /&gt;&lt;/p&gt;</mattext><matimage label="il_3231_mob_1827723" uri="objects/il_3231_mob_1827723/FPTree.PNG"/></material></flow_mat></itemfeedback><itemfeedback ident="response_onenotcorrect" view="All"><flow_mat><material><mattext texttype="text/xhtml">&lt;p&gt;An exemplary tree could look like this (the horizontal order of child nodes is arbitrary here):&lt;/p&gt;&#13;&#10;&lt;p&gt;&lt;img height=&quot;400&quot; src=&quot;il_3231_mob_1827723&quot; width=&quot;348&quot; /&gt;&lt;/p&gt;</mattext><matimage label="il_3231_mob_1827723" uri="objects/il_3231_mob_1827723/FPTree.PNG"/></material></flow_mat></itemfeedback></item><!--Generated by ILIAS XmlWriter--><item ident="il_3231_qst_1051804" title="FP-Tree - Rule Extraction" maxattempts="0"><qticomment></qticomment><duration>P0Y0M0DT0H0M0S</duration><itemmetadata><qtimetadata><qtimetadatafield><fieldlabel>ILIAS_VERSION</fieldlabel><fieldentry>7.5 2021-12-15</fieldentry></qtimetadatafield><qtimetadatafield><fieldlabel>QUESTIONTYPE</fieldlabel><fieldentry>KPRIM CHOICE QUESTION</fieldentry></qtimetadatafield><qtimetadatafield><fieldlabel>AUTHOR</fieldlabel><fieldentry>Jakob Bach</fieldentry></qtimetadatafield><qtimetadatafield><fieldlabel>additional_cont_edit_mode</fieldlabel><fieldentry>default</fieldentry></qtimetadatafield><qtimetadatafield><fieldlabel>externalId</fieldlabel><fieldentry>5fb2a7ac0d5969.50583318</fieldentry></qtimetadatafield><qtimetadatafield><fieldlabel>ilias_lifecycle</fieldlabel><fieldentry>draft</fieldentry></qtimetadatafield><qtimetadatafield><fieldlabel>lifecycle</fieldlabel><fieldentry>draft</fieldentry></qtimetadatafield><qtimetadatafield><fieldlabel>answer_type</fieldlabel><fieldentry>singleLine</fieldentry></qtimetadatafield><qtimetadatafield><fieldlabel>thumb_size</fieldlabel><fieldentry>150</fieldentry></qtimetadatafield><qtimetadatafield><fieldlabel>option_label_setting</fieldlabel><fieldentry>customlabel</fieldentry></qtimetadatafield><qtimetadatafield><fieldlabel>custom_true_option_label</fieldlabel><fieldentry>yes</fieldentry></qtimetadatafield><qtimetadatafield><fieldlabel>custom_false_option_label</fieldlabel><fieldentry>no</fieldentry></qtimetadatafield><qtimetadatafield><fieldlabel>feedback_setting</fieldlabel><fieldentry>1</fieldentry></qtimetadatafield></qtimetadata></itemmetadata><presentation label="FP-Tree - Rule Extraction"><flow><material><mattext texttype="text/xhtml">&lt;p&gt;Let the following FP-tree be given:&lt;/p&gt;&#13;&#10;&lt;p&gt;&lt;img height=&quot;400&quot; src=&quot;il_3231_mob_1827728&quot; width=&quot;348&quot; /&gt;&lt;/p&gt;&#13;&#10;&lt;p&gt;Which items are part of at least one frequent itemset also containing &lt;em&gt;vegetables&lt;/em&gt;, assuming the absolute support threshold is five?&lt;/p&gt;</mattext><matimage label="il_3231_mob_1827728" uri="objects/il_3231_mob_1827728/FPTree.PNG"/></material><response_lid ident="MCMR" rcardinality="Multiple"><render_choice shuffle="Yes"><response_label ident="0"><material><mattext texttype="text/plain">beer</mattext></material></response_label><response_label ident="1"><material><mattext texttype="text/plain">fruits</mattext></material></response_label><response_label ident="2"><material><mattext texttype="text/plain">milk</mattext></material></response_label><response_label ident="3"><material><mattext texttype="text/plain">soda</mattext></material></response_label></render_choice></response_lid></flow></presentation><resprocessing><outcomes><decvar varname="SCORE" vartype="Decimal" defaultval="0" minvalue="0.5" maxvalue="1"/></outcomes><respcondition continue="Yes"><conditionvar><varequal respident="0">0</varequal></conditionvar><displayfeedback feedbacktype="Response" linkrefid="response_0"/></respcondition><respcondition continue="Yes"><conditionvar><varequal respident="1">1</varequal></conditionvar><displayfeedback feedbacktype="Response" linkrefid="response_1"/></respcondition><respcondition continue="Yes"><conditionvar><varequal respident="2">1</varequal></conditionvar><displayfeedback feedbacktype="Response" linkrefid="response_2"/></respcondition><respcondition continue="Yes"><conditionvar><varequal respident="3">0</varequal></conditionvar><displayfeedback feedbacktype="Response" linkrefid="response_3"/></respcondition><respcondition continue="Yes"><conditionvar><and><varequal respident="0">0</varequal><varequal respident="1">1</varequal><varequal respident="2">1</varequal><varequal respident="3">0</varequal></and></conditionvar><setvar action="Add">1</setvar><displayfeedback feedbacktype="Response" linkrefid="response_allcorrect"/></respcondition><respcondition continue="Yes"><conditionvar><or><not><varequal respident="0">0</varequal></not><not><varequal respident="1">1</varequal></not><not><varequal respident="2">1</varequal></not><not><varequal respident="3">0</varequal></not></or></conditionvar><setvar action="Add">0</setvar><displayfeedback feedbacktype="Response" linkrefid="response_onenotcorrect"/></respcondition></resprocessing><itemfeedback ident="response_0" view="All"><flow_mat><material><mattext texttype="text/plain"></mattext></material></flow_mat></itemfeedback><itemfeedback ident="response_1" view="All"><flow_mat><material><mattext texttype="text/plain"></mattext></material></flow_mat></itemfeedback><itemfeedback ident="response_2" view="All"><flow_mat><material><mattext texttype="text/plain"></mattext></material></flow_mat></itemfeedback><itemfeedback ident="response_3" view="All"><flow_mat><material><mattext texttype="text/plain"></mattext></material></flow_mat></itemfeedback><itemfeedback ident="response_allcorrect" view="All"><flow_mat><material><mattext texttype="text/xhtml">&lt;p&gt;There are two paths containing &lt;em&gt;vegetables&lt;/em&gt;. The path via &lt;em&gt;fruits&lt;/em&gt; and &lt;em&gt;milk&lt;/em&gt; has a support of one. The path via &lt;em&gt;fruits&lt;/em&gt;, &lt;em&gt;milk&lt;/em&gt; and &lt;em&gt;soda&lt;/em&gt; has a support of four till &lt;em&gt;vegetables&lt;/em&gt; and a support of three till &lt;em&gt;beer&lt;/em&gt;. As a result, &lt;em&gt;vegetables&lt;/em&gt; occur five times together with &lt;em&gt;fruits&lt;/em&gt; and &lt;em&gt;milk&lt;/em&gt;, four times with &lt;em&gt;soda&lt;/em&gt; and three times with &lt;em&gt;beer&lt;/em&gt;.&lt;/p&gt;</mattext></material></flow_mat></itemfeedback><itemfeedback ident="response_onenotcorrect" view="All"><flow_mat><material><mattext texttype="text/xhtml">&lt;p&gt;There are two paths containing &lt;em&gt;vegetables&lt;/em&gt;. The path via &lt;em&gt;fruits&lt;/em&gt; and &lt;em&gt;milk&lt;/em&gt; has a support of one. The path via &lt;em&gt;fruits&lt;/em&gt;, &lt;em&gt;milk&lt;/em&gt; and &lt;em&gt;soda&lt;/em&gt; has a support of four till &lt;em&gt;vegetables&lt;/em&gt; and a support of three till &lt;em&gt;beer&lt;/em&gt;. As a result, &lt;em&gt;vegetables&lt;/em&gt; occur five times together with &lt;em&gt;fruits&lt;/em&gt; and &lt;em&gt;milk&lt;/em&gt;, four times with &lt;em&gt;soda&lt;/em&gt; and three times with &lt;em&gt;beer&lt;/em&gt;.&lt;/p&gt;</mattext></material></flow_mat></itemfeedback></item></section></assessment></questestinterop>