<?xml version="1.0" encoding="utf-8"?><!DOCTYPE Test SYSTEM "http://www.ilias.uni-koeln.de/download/dtd/ilias_co.dtd"><!--Export of ILIAS Test 2207759 of installation .--><ContentObject Type="Test"><MetaData><General Structure="Hierarchical"><Identifier Catalog="ILIAS" Entry="il_3231_tst_2207759"/><Title Language="de">Online Test 2: Classification</Title><Language Language="de"/><Description Language="de"></Description><Keyword Language="de"/></General><Lifecycle Status="Draft"><Version Language="en"/><Contribute Role="Author"><Entity>Jakob Bach</Entity><Date/></Contribute></Lifecycle></MetaData><PageObject><PageContent PCID="6c4af9c65567a75cb9bffb8911ba30fd"><Question QRef="il_3231_qst_1063742"/></PageContent></PageObject><PageObject><PageContent PCID="6a0ad31d789c19c5dcc7cffa1f531027"><Question QRef="il_3231_qst_1063749"/></PageContent></PageObject><PageObject><PageContent PCID="1d064fbcabeb30bcdb0e40ec0000f88e"><Question QRef="il_3231_qst_1051787"/></PageContent></PageObject><PageObject><PageContent PCID="5ec1ea96071173e358161fbd4d763ac3"><Question QRef="il_3231_qst_1051788"/></PageContent></PageObject><PageObject><PageContent PCID="5802d66e6408e6b0cb5ea26b7be301f3"><Question QRef="il_3231_qst_1051789"/></PageContent></PageObject><PageObject><PageContent PCID="9b11041fdefa867573273bb6d0f5de1d"><Question QRef="il_3231_qst_1051790"/></PageContent></PageObject><PageObject><PageContent PCID="5e9a52ebeadb1dce58fb521a1eab815d"><Question QRef="il_3231_qst_1063773"/></PageContent></PageObject><PageObject><PageContent PCID="f3d6e9332e60210d7d68dff7e5b82620"><Question QRef="il_3231_qst_1051791"/></PageContent></PageObject><PageObject><PageContent PCID="56572bebf09b93d515e7ad616546b5f0"><Question QRef="il_3231_qst_1051792"/></PageContent></PageObject><PageObject><PageContent PCID="f0e3f140036457a7c3150f82b3b2ef11"><Question QRef="il_3231_qst_1063770"/></PageContent></PageObject><PageObject><PageContent PCID="3ffcdd57a14b681b89397745af3bc3b5"><Question QRef="il_3231_qst_1051793"/></PageContent></PageObject><PageObject><PageContent PCID="eae724f563c180738a123a5d1f2191a3"><Question QRef="il_3231_qst_1051794"/></PageContent></PageObject><PageObject><PageContent PCID="b01e33fbaa406271611c14c34a2c4394"><Question QRef="il_3231_qst_1051795"/></PageContent></PageObject><QuestionSkillAssignments><TriggerQuestion Id="1063742"></TriggerQuestion><TriggerQuestion Id="1063749"></TriggerQuestion><TriggerQuestion Id="1051787"></TriggerQuestion><TriggerQuestion Id="1051788"></TriggerQuestion><TriggerQuestion Id="1051789"></TriggerQuestion><TriggerQuestion Id="1051790"></TriggerQuestion><TriggerQuestion Id="1063773"></TriggerQuestion><TriggerQuestion Id="1051791"></TriggerQuestion><TriggerQuestion Id="1051792"></TriggerQuestion><TriggerQuestion Id="1063770"></TriggerQuestion><TriggerQuestion Id="1051793"></TriggerQuestion><TriggerQuestion Id="1051794"></TriggerQuestion><TriggerQuestion Id="1051795"></TriggerQuestion></QuestionSkillAssignments><SkillsLevelThresholds></SkillsLevelThresholds></ContentObject>