<?xml version="1.0" encoding="utf-8"?><!--Generated by ILIAS XmlWriter--><questestinterop><assessment ident="il_3231_tst_21169" title="Online Test 2: Classification"><qticomment></qticomment><qtimetadata><qtimetadatafield><fieldlabel>ILIAS_VERSION</fieldlabel><fieldentry>7.5 2021-12-15</fieldentry></qtimetadatafield><qtimetadatafield><fieldlabel>anonymity</fieldlabel><fieldentry>1</fieldentry></qtimetadatafield><qtimetadatafield><fieldlabel>use_pool</fieldlabel><fieldentry>0</fieldentry></qtimetadatafield><qtimetadatafield><fieldlabel>question_set_type</fieldlabel><fieldentry>FIXED_QUEST_SET</fieldentry></qtimetadatafield><qtimetadatafield><fieldlabel>sequence_settings</fieldlabel><fieldentry>0</fieldentry></qtimetadatafield><qtimetadatafield><fieldlabel>author</fieldlabel><fieldentry>Jakob Bach</fieldentry></qtimetadatafield><qtimetadatafield><fieldlabel>reset_processing_time</fieldlabel><fieldentry>0</fieldentry></qtimetadatafield><qtimetadatafield><fieldlabel>count_system</fieldlabel><fieldentry>0</fieldentry></qtimetadatafield><qtimetadatafield><fieldlabel>mc_scoring</fieldlabel><fieldentry>0</fieldentry></qtimetadatafield><qtimetadatafield><fieldlabel>score_cutting</fieldlabel><fieldentry>0</fieldentry></qtimetadatafield><qtimetadatafield><fieldlabel>password</fieldlabel><fieldentry/></qtimetadatafield><qtimetadatafield><fieldlabel>allowedUsers</fieldlabel><fieldentry>0</fieldentry></qtimetadatafield><qtimetadatafield><fieldlabel>allowedUsersTimeGap</fieldlabel><fieldentry>0</fieldentry></qtimetadatafield><qtimetadatafield><fieldlabel>pass_scoring</fieldlabel><fieldentry>0</fieldentry></qtimetadatafield><qtimetadatafield><fieldlabel>pass_deletion_allowed</fieldlabel><fieldentry>0</fieldentry></qtimetadatafield><qtimetadatafield><fieldlabel>nr_of_tries</fieldlabel><fieldentry>0</fieldentry></qtimetadatafield><qtimetadatafield><fieldlabel>block_after_passed</fieldlabel><fieldentry>0</fieldentry></qtimetadatafield><qtimetadatafield><fieldlabel>pass_waiting</fieldlabel><fieldentry>00:000:00:00:00</fieldentry></qtimetadatafield><qtimetadatafield><fieldlabel>kiosk</fieldlabel><fieldentry>0</fieldentry></qtimetadatafield><qtimetadatafield><fieldlabel>redirection_mode</fieldlabel><fieldentry>0</fieldentry></qtimetadatafield><qtimetadatafield><fieldlabel>redirection_url</fieldlabel><fieldentry></fieldentry></qtimetadatafield><qtimetadatafield><fieldlabel>use_previous_answers</fieldlabel><fieldentry>0</fieldentry></qtimetadatafield><qtimetadatafield><fieldlabel>title_output</fieldlabel><fieldentry>0</fieldentry></qtimetadatafield><qtimetadatafield><fieldlabel>results_presentation</fieldlabel><fieldentry>143</fieldentry></qtimetadatafield><qtimetadatafield><fieldlabel>examid_in_test_pass</fieldlabel><fieldentry>0</fieldentry></qtimetadatafield><qtimetadatafield><fieldlabel>examid_in_test_res</fieldlabel><fieldentry>0</fieldentry></qtimetadatafield><qtimetadatafield><fieldlabel>show_summary</fieldlabel><fieldentry>9</fieldentry></qtimetadatafield><qtimetadatafield><fieldlabel>score_reporting</fieldlabel><fieldentry>1</fieldentry></qtimetadatafield><qtimetadatafield><fieldlabel>solution_details</fieldlabel><fieldentry>1</fieldentry></qtimetadatafield><qtimetadatafield><fieldlabel>print_bs_with_res</fieldlabel><fieldentry>1</fieldentry></qtimetadatafield><qtimetadatafield><fieldlabel>instant_verification</fieldlabel><fieldentry>0</fieldentry></qtimetadatafield><qtimetadatafield><fieldlabel>answer_feedback</fieldlabel><fieldentry>0</fieldentry></qtimetadatafield><qtimetadatafield><fieldlabel>answer_feedback_points</fieldlabel><fieldentry>0</fieldentry></qtimetadatafield><qtimetadatafield><fieldlabel>follow_qst_answer_fixation</fieldlabel><fieldentry>0</fieldentry></qtimetadatafield><qtimetadatafield><fieldlabel>instant_feedback_answer_fixation</fieldlabel><fieldentry>0</fieldentry></qtimetadatafield><qtimetadatafield><fieldlabel>force_instant_feedback</fieldlabel><fieldentry>0</fieldentry></qtimetadatafield><qtimetadatafield><fieldlabel>highscore_enabled</fieldlabel><fieldentry>0</fieldentry></qtimetadatafield><qtimetadatafield><fieldlabel>highscore_anon</fieldlabel><fieldentry>0</fieldentry></qtimetadatafield><qtimetadatafield><fieldlabel>highscore_achieved_ts</fieldlabel><fieldentry>0</fieldentry></qtimetadatafield><qtimetadatafield><fieldlabel>highscore_score</fieldlabel><fieldentry>0</fieldentry></qtimetadatafield><qtimetadatafield><fieldlabel>highscore_percentage</fieldlabel><fieldentry>0</fieldentry></qtimetadatafield><qtimetadatafield><fieldlabel>highscore_hints</fieldlabel><fieldentry>0</fieldentry></qtimetadatafield><qtimetadatafield><fieldlabel>highscore_wtime</fieldlabel><fieldentry>0</fieldentry></qtimetadatafield><qtimetadatafield><fieldlabel>highscore_own_table</fieldlabel><fieldentry>0</fieldentry></qtimetadatafield><qtimetadatafield><fieldlabel>highscore_top_table</fieldlabel><fieldentry>0</fieldentry></qtimetadatafield><qtimetadatafield><fieldlabel>highscore_top_num</fieldlabel><fieldentry>10</fieldentry></qtimetadatafield><qtimetadatafield><fieldlabel>show_cancel</fieldlabel><fieldentry>1</fieldentry></qtimetadatafield><qtimetadatafield><fieldlabel>show_marker</fieldlabel><fieldentry>0</fieldentry></qtimetadatafield><qtimetadatafield><fieldlabel>fixed_participants</fieldlabel><fieldentry>0</fieldentry></qtimetadatafield><qtimetadatafield><fieldlabel>showfinalstatement</fieldlabel><fieldentry>1</fieldentry></qtimetadatafield><qtimetadatafield><fieldlabel>showinfo</fieldlabel><fieldentry>1</fieldentry></qtimetadatafield><qtimetadatafield><fieldlabel>mailnotification</fieldlabel><fieldentry>0</fieldentry></qtimetadatafield><qtimetadatafield><fieldlabel>mailnottype</fieldlabel><fieldentry>0</fieldentry></qtimetadatafield><qtimetadatafield><fieldlabel>exportsettings</fieldlabel><fieldentry>0</fieldentry></qtimetadatafield><qtimetadatafield><fieldlabel>forcejs</fieldlabel><fieldentry>1</fieldentry></qtimetadatafield><qtimetadatafield><fieldlabel>customstyle</fieldlabel><fieldentry/></qtimetadatafield><qtimetadatafield><fieldlabel>shuffle_questions</fieldlabel><fieldentry>1</fieldentry></qtimetadatafield><qtimetadatafield><fieldlabel>processing_time</fieldlabel><fieldentry/></qtimetadatafield><qtimetadatafield><fieldlabel>enable_examview</fieldlabel><fieldentry>0</fieldentry></qtimetadatafield><qtimetadatafield><fieldlabel>show_examview_html</fieldlabel><fieldentry>0</fieldentry></qtimetadatafield><qtimetadatafield><fieldlabel>show_examview_pdf</fieldlabel><fieldentry>0</fieldentry></qtimetadatafield><qtimetadatafield><fieldlabel>enable_archiving</fieldlabel><fieldentry>0</fieldentry></qtimetadatafield><qtimetadatafield><fieldlabel>sign_submission</fieldlabel><fieldentry>0</fieldentry></qtimetadatafield><qtimetadatafield><fieldlabel>char_selector_availability</fieldlabel><fieldentry>0</fieldentry></qtimetadatafield><qtimetadatafield><fieldlabel>char_selector_definition</fieldlabel><fieldentry></fieldentry></qtimetadatafield><qtimetadatafield><fieldlabel>skill_service</fieldlabel><fieldentry>0</fieldentry></qtimetadatafield><qtimetadatafield><fieldlabel>result_tax_filters</fieldlabel><fieldentry>a:0:{}</fieldentry></qtimetadatafield><qtimetadatafield><fieldlabel>show_grading_status</fieldlabel><fieldentry>1</fieldentry></qtimetadatafield><qtimetadatafield><fieldlabel>show_grading_mark</fieldlabel><fieldentry>1</fieldentry></qtimetadatafield><qtimetadatafield><fieldlabel>activation_limited</fieldlabel><fieldentry>0</fieldentry></qtimetadatafield><qtimetadatafield><fieldlabel>activation_start_time</fieldlabel><fieldentry>0</fieldentry></qtimetadatafield><qtimetadatafield><fieldlabel>activation_end_time</fieldlabel><fieldentry>0</fieldentry></qtimetadatafield><qtimetadatafield><fieldlabel>activation_visibility</fieldlabel><fieldentry>0</fieldentry></qtimetadatafield><qtimetadatafield><fieldlabel>autosave</fieldlabel><fieldentry>1</fieldentry></qtimetadatafield><qtimetadatafield><fieldlabel>autosave_ival</fieldlabel><fieldentry>30000</fieldentry></qtimetadatafield><qtimetadatafield><fieldlabel>offer_question_hints</fieldlabel><fieldentry>0</fieldentry></qtimetadatafield><qtimetadatafield><fieldlabel>instant_feedback_specific</fieldlabel><fieldentry>0</fieldentry></qtimetadatafield><qtimetadatafield><fieldlabel>instant_feedback_answer_fixation</fieldlabel><fieldentry>0</fieldentry></qtimetadatafield><qtimetadatafield><fieldlabel>obligations_enabled</fieldlabel><fieldentry>0</fieldentry></qtimetadatafield><qtimetadatafield><fieldlabel>enable_processing_time</fieldlabel><fieldentry>0</fieldentry></qtimetadatafield><qtimetadatafield><fieldlabel>mark_step_0</fieldlabel><fieldentry>&lt;short&gt;failed&lt;/short&gt;&lt;official&gt;failed&lt;/official&gt;&lt;percentage&gt;0.00&lt;/percentage&gt;&lt;passed&gt;0&lt;/passed&gt;</fieldentry></qtimetadatafield><qtimetadatafield><fieldlabel>mark_step_1</fieldlabel><fieldentry>&lt;short&gt;passed&lt;/short&gt;&lt;official&gt;passed&lt;/official&gt;&lt;percentage&gt;80.00&lt;/percentage&gt;&lt;passed&gt;1&lt;/passed&gt;</fieldentry></qtimetadatafield></qtimetadata><objectives><material><mattext texttype="text/xhtml">&lt;div&gt;This test deals with chapters 4 (Classification) and 5 (Evaluation) of the lecture.&lt;/div&gt;&#13;&#10;&lt;div&gt;Participation is anonymous.&lt;/div&gt;&#13;&#10;&lt;div&gt;After answering all questions, please use the &quot;Test beenden&quot; button.&lt;/div&gt;&#13;&#10;&lt;div&gt;You can freely change all your answers beforehand.&lt;/div&gt;&#13;&#10;&lt;div&gt;After ending the test, the score, solutions, and solution hints will be shown.&lt;/div&gt;&#13;&#10;&lt;div&gt;The test counts as passed if at least 80% of your answers are correct (which does, however, not have an impact on your grade in the &quot;Data Science 1&quot; exam).&lt;/div&gt;&#13;&#10;&lt;div&gt;You can repeat the test an arbitrary number of times, but the questions remain the same (albeit in random order).&lt;/div&gt;</mattext></material></objectives><assessmentcontrol/><presentation_material><flow_mat><material><mattext texttype="text/xhtml">&lt;p&gt;Thanks for participating! If the answers are not clear or you&apos;ve spotted an error, just contact Jakob.&lt;/p&gt;</mattext></material></flow_mat></presentation_material><section ident="1">
<!--Generated by ILIAS XmlWriter--><item ident="il_3231_qst_1063742" title="Classification Models - Structure" maxattempts="0"><qticomment></qticomment><duration>P0Y0M0DT0H0M0S</duration><itemmetadata><qtimetadata><qtimetadatafield><fieldlabel>ILIAS_VERSION</fieldlabel><fieldentry>7.5 2021-12-15</fieldentry></qtimetadatafield><qtimetadatafield><fieldlabel>QUESTIONTYPE</fieldlabel><fieldentry>MATCHING QUESTION</fieldentry></qtimetadatafield><qtimetadatafield><fieldlabel>AUTHOR</fieldlabel><fieldentry>Jakob Bach</fieldentry></qtimetadatafield><qtimetadatafield><fieldlabel>additional_cont_edit_mode</fieldlabel><fieldentry>default</fieldentry></qtimetadatafield><qtimetadatafield><fieldlabel>externalId</fieldlabel><fieldentry>619633e4bf37f2.54814832</fieldentry></qtimetadatafield><qtimetadatafield><fieldlabel>ilias_lifecycle</fieldlabel><fieldentry>draft</fieldentry></qtimetadatafield><qtimetadatafield><fieldlabel>lifecycle</fieldlabel><fieldentry>draft</fieldentry></qtimetadatafield><qtimetadatafield><fieldlabel>shuffle</fieldlabel><fieldentry>1</fieldentry></qtimetadatafield><qtimetadatafield><fieldlabel>thumb_geometry</fieldlabel><fieldentry>100</fieldentry></qtimetadatafield><qtimetadatafield><fieldlabel>matching_mode</fieldlabel><fieldentry>1:1</fieldentry></qtimetadatafield></qtimetadata></itemmetadata><presentation label="Classification Models - Structure"><flow><material><mattext texttype="text/xhtml">&lt;p&gt;Match each classification model to its structure!&lt;/p&gt;</mattext></material><response_grp ident="MQ" rcardinality="Multiple"><render_choice shuffle="Yes"><response_label ident="53907" match_max="1" match_group="85605,78379,9290,40648,33000"><material><mattext texttype="text/plain">No model</mattext></material></response_label><response_label ident="13177" match_max="1" match_group="85605,78379,9290,40648,33000"><material><mattext texttype="text/plain">Hyperplane</mattext></material></response_label><response_label ident="94641" match_max="1" match_group="85605,78379,9290,40648,33000"><material><mattext texttype="text/plain">Hyperplane, possibly in transformed space</mattext></material></response_label><response_label ident="40436" match_max="1" match_group="85605,78379,9290,40648,33000"><material><mattext texttype="text/plain">Axis-parallel hyperplanes</mattext></material></response_label><response_label ident="93411" match_max="1" match_group="85605,78379,9290,40648,33000"><material><mattext texttype="text/plain">Probability distribution</mattext></material></response_label><response_label ident="85605"><material><mattext texttype="text/plain">k-NN</mattext></material></response_label><response_label ident="78379"><material><mattext texttype="text/plain">Linear model</mattext></material></response_label><response_label ident="9290"><material><mattext texttype="text/plain">SVM</mattext></material></response_label><response_label ident="40648"><material><mattext texttype="text/plain">Decision tree</mattext></material></response_label><response_label ident="33000"><material><mattext texttype="text/plain">Naive Bayes</mattext></material></response_label></render_choice></response_grp></flow></presentation><resprocessing><outcomes><decvar></decvar></outcomes><respcondition continue="Yes"><conditionvar><varsubset respident="MQ">85605,53907</varsubset></conditionvar><setvar action="Add">0.2</setvar><displayfeedback feedbacktype="Response" linkrefid="correct_85605_"/></respcondition><respcondition continue="Yes"><conditionvar><varsubset respident="MQ">78379,13177</varsubset></conditionvar><setvar action="Add">0.2</setvar><displayfeedback feedbacktype="Response" linkrefid="correct_78379_"/></respcondition><respcondition continue="Yes"><conditionvar><varsubset respident="MQ">9290,94641</varsubset></conditionvar><setvar action="Add">0.2</setvar><displayfeedback feedbacktype="Response" linkrefid="correct_9290_"/></respcondition><respcondition continue="Yes"><conditionvar><varsubset respident="MQ">40648,40436</varsubset></conditionvar><setvar action="Add">0.2</setvar><displayfeedback feedbacktype="Response" linkrefid="correct_40648_"/></respcondition><respcondition continue="Yes"><conditionvar><varsubset respident="MQ">33000,93411</varsubset></conditionvar><setvar action="Add">0.2</setvar><displayfeedback feedbacktype="Response" linkrefid="correct_33000_"/></respcondition><respcondition continue="Yes"><conditionvar><varsubset respident="MQ">85605,53907</varsubset><varsubset respident="MQ">78379,13177</varsubset><varsubset respident="MQ">9290,94641</varsubset><varsubset respident="MQ">40648,40436</varsubset><varsubset respident="MQ">33000,93411</varsubset></conditionvar><displayfeedback feedbacktype="Response" linkrefid="response_allcorrect"/></respcondition><respcondition continue="Yes"><conditionvar><not><varsubset respident="MQ">85605,53907</varsubset><varsubset respident="MQ">78379,13177</varsubset><varsubset respident="MQ">9290,94641</varsubset><varsubset respident="MQ">40648,40436</varsubset><varsubset respident="MQ">33000,93411</varsubset></not></conditionvar><displayfeedback feedbacktype="Response" linkrefid="response_onenotcorrect"/></respcondition></resprocessing><itemfeedback ident="correct_85605_53907" view="All"><flow_mat><material><mattext></mattext></material></flow_mat></itemfeedback><itemfeedback ident="correct_78379_13177" view="All"><flow_mat><material><mattext></mattext></material></flow_mat></itemfeedback><itemfeedback ident="correct_9290_94641" view="All"><flow_mat><material><mattext></mattext></material></flow_mat></itemfeedback><itemfeedback ident="correct_40648_40436" view="All"><flow_mat><material><mattext></mattext></material></flow_mat></itemfeedback><itemfeedback ident="correct_33000_93411" view="All"><flow_mat><material><mattext></mattext></material></flow_mat></itemfeedback><itemfeedback ident="response_allcorrect" view="All"><flow_mat><material><mattext texttype="text/xhtml">&lt;p&gt;See the lecture.&lt;/p&gt;</mattext></material></flow_mat></itemfeedback><itemfeedback ident="response_onenotcorrect" view="All"><flow_mat><material><mattext texttype="text/xhtml">&lt;p&gt;See the lecture.&lt;/p&gt;</mattext></material></flow_mat></itemfeedback></item><!--Generated by ILIAS XmlWriter--><item ident="il_3231_qst_1063749" title="Classification Models - Weaknesses" maxattempts="0"><qticomment></qticomment><duration>P0Y0M0DT0H0M0S</duration><itemmetadata><qtimetadata><qtimetadatafield><fieldlabel>ILIAS_VERSION</fieldlabel><fieldentry>7.5 2021-12-15</fieldentry></qtimetadatafield><qtimetadatafield><fieldlabel>QUESTIONTYPE</fieldlabel><fieldentry>MATCHING QUESTION</fieldentry></qtimetadatafield><qtimetadatafield><fieldlabel>AUTHOR</fieldlabel><fieldentry>Jakob Bach</fieldentry></qtimetadatafield><qtimetadatafield><fieldlabel>additional_cont_edit_mode</fieldlabel><fieldentry>default</fieldentry></qtimetadatafield><qtimetadatafield><fieldlabel>externalId</fieldlabel><fieldentry>619642c2bad456.64770854</fieldentry></qtimetadatafield><qtimetadatafield><fieldlabel>ilias_lifecycle</fieldlabel><fieldentry>draft</fieldentry></qtimetadatafield><qtimetadatafield><fieldlabel>lifecycle</fieldlabel><fieldentry>draft</fieldentry></qtimetadatafield><qtimetadatafield><fieldlabel>shuffle</fieldlabel><fieldentry>1</fieldentry></qtimetadatafield><qtimetadatafield><fieldlabel>thumb_geometry</fieldlabel><fieldentry>100</fieldentry></qtimetadatafield><qtimetadatafield><fieldlabel>matching_mode</fieldlabel><fieldentry>1:1</fieldentry></qtimetadatafield></qtimetadata></itemmetadata><presentation label="Classification Models - Weaknesses"><flow><material><mattext texttype="text/xhtml">&lt;p&gt;Match each classification model to a core weakness!&lt;/p&gt;</mattext></material><response_grp ident="MQ" rcardinality="Multiple"><render_choice shuffle="Yes"><response_label ident="67373" match_max="1" match_group="14347,17789,12598,50540,79960"><material><mattext texttype="text/plain">Needs to query training dataset for prediction.</mattext></material></response_label><response_label ident="78170" match_max="1" match_group="14347,17789,12598,50540,79960"><material><mattext texttype="text/plain">Coefficients might become meaningless if predictors are correlated.</mattext></material></response_label><response_label ident="13308" match_max="1" match_group="14347,17789,12598,50540,79960"><material><mattext texttype="text/plain">Parametrization (for appropriate shape of decision boundary) difficult.</mattext></material></response_label><response_label ident="91372" match_max="1" match_group="14347,17789,12598,50540,79960"><material><mattext texttype="text/plain">Likely to overfit.</mattext></material></response_label><response_label ident="12060" match_max="1" match_group="14347,17789,12598,50540,79960"><material><mattext texttype="text/plain">Needs to assume a distribution for numeric features.</mattext></material></response_label><response_label ident="14347"><material><mattext texttype="text/plain">k-NN</mattext></material></response_label><response_label ident="17789"><material><mattext texttype="text/plain">Linear model</mattext></material></response_label><response_label ident="12598"><material><mattext texttype="text/plain">SVM</mattext></material></response_label><response_label ident="50540"><material><mattext texttype="text/plain">Decision tree</mattext></material></response_label><response_label ident="79960"><material><mattext texttype="text/plain">Naive Bayes</mattext></material></response_label></render_choice></response_grp></flow></presentation><resprocessing><outcomes><decvar></decvar></outcomes><respcondition continue="Yes"><conditionvar><varsubset respident="MQ">14347,67373</varsubset></conditionvar><setvar action="Add">0.2</setvar><displayfeedback feedbacktype="Response" linkrefid="correct_14347_"/></respcondition><respcondition continue="Yes"><conditionvar><varsubset respident="MQ">17789,78170</varsubset></conditionvar><setvar action="Add">0.2</setvar><displayfeedback feedbacktype="Response" linkrefid="correct_17789_"/></respcondition><respcondition continue="Yes"><conditionvar><varsubset respident="MQ">12598,13308</varsubset></conditionvar><setvar action="Add">0.2</setvar><displayfeedback feedbacktype="Response" linkrefid="correct_12598_"/></respcondition><respcondition continue="Yes"><conditionvar><varsubset respident="MQ">50540,91372</varsubset></conditionvar><setvar action="Add">0.2</setvar><displayfeedback feedbacktype="Response" linkrefid="correct_50540_"/></respcondition><respcondition continue="Yes"><conditionvar><varsubset respident="MQ">79960,12060</varsubset></conditionvar><setvar action="Add">0.2</setvar><displayfeedback feedbacktype="Response" linkrefid="correct_79960_"/></respcondition><respcondition continue="Yes"><conditionvar><varsubset respident="MQ">14347,67373</varsubset><varsubset respident="MQ">17789,78170</varsubset><varsubset respident="MQ">12598,13308</varsubset><varsubset respident="MQ">50540,91372</varsubset><varsubset respident="MQ">79960,12060</varsubset></conditionvar><displayfeedback feedbacktype="Response" linkrefid="response_allcorrect"/></respcondition><respcondition continue="Yes"><conditionvar><not><varsubset respident="MQ">14347,67373</varsubset><varsubset respident="MQ">17789,78170</varsubset><varsubset respident="MQ">12598,13308</varsubset><varsubset respident="MQ">50540,91372</varsubset><varsubset respident="MQ">79960,12060</varsubset></not></conditionvar><displayfeedback feedbacktype="Response" linkrefid="response_onenotcorrect"/></respcondition></resprocessing><itemfeedback ident="correct_14347_67373" view="All"><flow_mat><material><mattext></mattext></material></flow_mat></itemfeedback><itemfeedback ident="correct_17789_78170" view="All"><flow_mat><material><mattext></mattext></material></flow_mat></itemfeedback><itemfeedback ident="correct_12598_13308" view="All"><flow_mat><material><mattext></mattext></material></flow_mat></itemfeedback><itemfeedback ident="correct_50540_91372" view="All"><flow_mat><material><mattext></mattext></material></flow_mat></itemfeedback><itemfeedback ident="correct_79960_12060" view="All"><flow_mat><material><mattext></mattext></material></flow_mat></itemfeedback><itemfeedback ident="response_allcorrect" view="All"><flow_mat><material><mattext texttype="text/xhtml">&lt;p&gt;See the lecture.&lt;/p&gt;</mattext></material></flow_mat></itemfeedback><itemfeedback ident="response_onenotcorrect" view="All"><flow_mat><material><mattext texttype="text/xhtml">&lt;p&gt;See the lecture.&lt;/p&gt;</mattext></material></flow_mat></itemfeedback></item><!--Generated by ILIAS XmlWriter--><item ident="il_3231_qst_1051787" title="Decision Trees - Training Complexity" maxattempts="0"><qticomment></qticomment><duration>P0Y0M0DT0H0M0S</duration><itemmetadata><qtimetadata><qtimetadatafield><fieldlabel>ILIAS_VERSION</fieldlabel><fieldentry>7.5 2021-12-15</fieldentry></qtimetadatafield><qtimetadatafield><fieldlabel>QUESTIONTYPE</fieldlabel><fieldentry>SINGLE CHOICE QUESTION</fieldentry></qtimetadatafield><qtimetadatafield><fieldlabel>AUTHOR</fieldlabel><fieldentry>Jakob Bach</fieldentry></qtimetadatafield><qtimetadatafield><fieldlabel>additional_cont_edit_mode</fieldlabel><fieldentry>default</fieldentry></qtimetadatafield><qtimetadatafield><fieldlabel>externalId</fieldlabel><fieldentry>5fb24c6e4ec620.70156519</fieldentry></qtimetadatafield><qtimetadatafield><fieldlabel>ilias_lifecycle</fieldlabel><fieldentry>draft</fieldentry></qtimetadatafield><qtimetadatafield><fieldlabel>lifecycle</fieldlabel><fieldentry>draft</fieldentry></qtimetadatafield><qtimetadatafield><fieldlabel>thumb_size</fieldlabel><fieldentry/></qtimetadatafield><qtimetadatafield><fieldlabel>feedback_setting</fieldlabel><fieldentry>1</fieldentry></qtimetadatafield><qtimetadatafield><fieldlabel>singleline</fieldlabel><fieldentry>0</fieldentry></qtimetadatafield></qtimetadata></itemmetadata><presentation label="Decision Trees - Training Complexity"><flow><material><mattext texttype="text/xhtml">&lt;p&gt;Given a dataset with &lt;span class=&quot;latex&quot;&gt;m&lt;/span&gt; data objects and &lt;span class=&quot;latex&quot;&gt;n&lt;/span&gt; features, what is the time complexity of training a decision tree, assuming it is balanced?&lt;/p&gt;</mattext></material><response_lid ident="MCSR" rcardinality="Single"><render_choice shuffle="Yes"><response_label ident="0"><material><mattext texttype="text/xhtml">&lt;p&gt;&lt;span class=&quot;latex&quot;&gt;O(m*n)&lt;/span&gt;&lt;/p&gt;</mattext></material></response_label><response_label ident="1"><material><mattext texttype="text/xhtml">&lt;p&gt;&lt;span class=&quot;latex&quot;&gt;O(m*n^2)&lt;/span&gt;&lt;/p&gt;</mattext></material></response_label><response_label ident="2"><material><mattext texttype="text/xhtml">&lt;p&gt;&lt;span class=&quot;latex&quot;&gt;O(m*\log m * n)&lt;/span&gt;&lt;/p&gt;</mattext></material></response_label><response_label ident="3"><material><mattext texttype="text/xhtml">&lt;p&gt;&lt;span class=&quot;latex&quot;&gt;O(m*\log m*n*\log n)&lt;/span&gt;&lt;/p&gt;</mattext></material></response_label><response_label ident="4"><material><mattext texttype="text/xhtml">&lt;p&gt;&lt;span class=&quot;latex&quot;&gt;O(m^2*n^2)&lt;/span&gt;&lt;/p&gt;</mattext></material></response_label></render_choice></response_lid></flow></presentation><resprocessing><outcomes><decvar></decvar></outcomes><respcondition continue="Yes"><conditionvar><varequal respident="MCSR">0</varequal></conditionvar><setvar action="Add">0</setvar><displayfeedback feedbacktype="Response" linkrefid="response_0"/></respcondition><respcondition continue="Yes"><conditionvar><varequal respident="MCSR">1</varequal></conditionvar><setvar action="Add">0</setvar><displayfeedback feedbacktype="Response" linkrefid="response_1"/></respcondition><respcondition continue="Yes"><conditionvar><varequal respident="MCSR">2</varequal></conditionvar><setvar action="Add">1</setvar><displayfeedback feedbacktype="Response" linkrefid="response_2"/></respcondition><respcondition continue="Yes"><conditionvar><varequal respident="MCSR">3</varequal></conditionvar><setvar action="Add">0</setvar><displayfeedback feedbacktype="Response" linkrefid="response_3"/></respcondition><respcondition continue="Yes"><conditionvar><varequal respident="MCSR">4</varequal></conditionvar><setvar action="Add">0</setvar><displayfeedback feedbacktype="Response" linkrefid="response_4"/></respcondition><respcondition continue="Yes"><conditionvar><varequal respident="MCSR">2</varequal></conditionvar><displayfeedback feedbacktype="Response" linkrefid="response_allcorrect"/></respcondition><respcondition continue="Yes"><conditionvar><not><varequal respident="MCSR">2</varequal></not></conditionvar><displayfeedback feedbacktype="Response" linkrefid="response_onenotcorrect"/></respcondition></resprocessing><itemfeedback ident="response_0" view="All"><flow_mat><material><mattext texttype="text/plain"></mattext></material></flow_mat></itemfeedback><itemfeedback ident="response_1" view="All"><flow_mat><material><mattext texttype="text/plain"></mattext></material></flow_mat></itemfeedback><itemfeedback ident="response_2" view="All"><flow_mat><material><mattext texttype="text/plain"></mattext></material></flow_mat></itemfeedback><itemfeedback ident="response_3" view="All"><flow_mat><material><mattext texttype="text/plain"></mattext></material></flow_mat></itemfeedback><itemfeedback ident="response_4" view="All"><flow_mat><material><mattext texttype="text/plain"></mattext></material></flow_mat></itemfeedback><itemfeedback ident="response_allcorrect" view="All"><flow_mat><material><mattext texttype="text/xhtml">&lt;p&gt;A balanced tree for &lt;span class=&quot;latex&quot;&gt;m&lt;/span&gt; data objects has a depth of &lt;span class=&quot;latex&quot;&gt;\log m&lt;/span&gt;. For each node, all &lt;span class=&quot;latex&quot;&gt;m&lt;/span&gt; data objects (further down in the tree there will be fewer) and &lt;span class=&quot;latex&quot;&gt;n&lt;/span&gt; features need to be traversed to determine the next split. The feature values should be sorted, but this can be done as a one-time preliminary effort in &lt;span class=&quot;latex&quot;&gt;O(m*\log m * n)&lt;/span&gt;.&lt;/p&gt;</mattext></material></flow_mat></itemfeedback><itemfeedback ident="response_onenotcorrect" view="All"><flow_mat><material><mattext texttype="text/xhtml">&lt;p&gt;A balanced tree for &lt;span class=&quot;latex&quot;&gt;m&lt;/span&gt; data objects has a depth of &lt;span class=&quot;latex&quot;&gt;\log m&lt;/span&gt;. For each node, all &lt;span class=&quot;latex&quot;&gt;m&lt;/span&gt; data objects (further down in the tree there will be fewer) and &lt;span class=&quot;latex&quot;&gt;n&lt;/span&gt; features need to be traversed to determine the next split. The feature values should be sorted, but this can be done as a one-time preliminary effort in &lt;span class=&quot;latex&quot;&gt;O(m*\log m * n)&lt;/span&gt;.&lt;/p&gt;</mattext></material></flow_mat></itemfeedback></item><!--Generated by ILIAS XmlWriter--><item ident="il_3231_qst_1051788" title="Decision Trees - Prediction Complexity" maxattempts="0"><qticomment></qticomment><duration>P0Y0M0DT0H0M0S</duration><itemmetadata><qtimetadata><qtimetadatafield><fieldlabel>ILIAS_VERSION</fieldlabel><fieldentry>7.5 2021-12-15</fieldentry></qtimetadatafield><qtimetadatafield><fieldlabel>QUESTIONTYPE</fieldlabel><fieldentry>SINGLE CHOICE QUESTION</fieldentry></qtimetadatafield><qtimetadatafield><fieldlabel>AUTHOR</fieldlabel><fieldentry>Jakob Bach</fieldentry></qtimetadatafield><qtimetadatafield><fieldlabel>additional_cont_edit_mode</fieldlabel><fieldentry>default</fieldentry></qtimetadatafield><qtimetadatafield><fieldlabel>externalId</fieldlabel><fieldentry>5fb24f7ee7f402.64156539</fieldentry></qtimetadatafield><qtimetadatafield><fieldlabel>ilias_lifecycle</fieldlabel><fieldentry>draft</fieldentry></qtimetadatafield><qtimetadatafield><fieldlabel>lifecycle</fieldlabel><fieldentry>draft</fieldentry></qtimetadatafield><qtimetadatafield><fieldlabel>thumb_size</fieldlabel><fieldentry/></qtimetadatafield><qtimetadatafield><fieldlabel>feedback_setting</fieldlabel><fieldentry>1</fieldentry></qtimetadatafield><qtimetadatafield><fieldlabel>singleline</fieldlabel><fieldentry>0</fieldentry></qtimetadatafield></qtimetadata></itemmetadata><presentation label="Decision Trees - Prediction Complexity"><flow><material><mattext texttype="text/xhtml">&lt;p&gt;Given a balanced decision tree trained on a dataset of &lt;span class=&quot;latex&quot;&gt;m&lt;/span&gt; data objects and &lt;span class=&quot;latex&quot;&gt;n&lt;/span&gt; features, what is the time complexity of the prediction for one new data object?&lt;/p&gt;</mattext></material><response_lid ident="MCSR" rcardinality="Single"><render_choice shuffle="Yes"><response_label ident="0"><material><mattext texttype="text/xhtml">&lt;p&gt;&lt;span class=&quot;latex&quot;&gt;O(1)&lt;/span&gt;&lt;/p&gt;</mattext></material></response_label><response_label ident="1"><material><mattext texttype="text/xhtml">&lt;p&gt;&lt;span class=&quot;latex&quot;&gt;O(\log m)&lt;/span&gt;&lt;/p&gt;</mattext></material></response_label><response_label ident="2"><material><mattext texttype="text/xhtml">&lt;p&gt;&lt;span class=&quot;latex&quot;&gt;O(m)&lt;/span&gt;&lt;/p&gt;</mattext></material></response_label><response_label ident="3"><material><mattext texttype="text/xhtml">&lt;p&gt;&lt;span class=&quot;latex&quot;&gt;O(m*n)&lt;/span&gt;&lt;/p&gt;</mattext></material></response_label><response_label ident="4"><material><mattext texttype="text/xhtml">&lt;p&gt;&lt;span class=&quot;latex&quot;&gt;O(m * \log m * n)&lt;/span&gt;&lt;/p&gt;</mattext></material></response_label></render_choice></response_lid></flow></presentation><resprocessing><outcomes><decvar></decvar></outcomes><respcondition continue="Yes"><conditionvar><varequal respident="MCSR">0</varequal></conditionvar><setvar action="Add">0</setvar><displayfeedback feedbacktype="Response" linkrefid="response_0"/></respcondition><respcondition continue="Yes"><conditionvar><varequal respident="MCSR">1</varequal></conditionvar><setvar action="Add">1</setvar><displayfeedback feedbacktype="Response" linkrefid="response_1"/></respcondition><respcondition continue="Yes"><conditionvar><varequal respident="MCSR">2</varequal></conditionvar><setvar action="Add">0</setvar><displayfeedback feedbacktype="Response" linkrefid="response_2"/></respcondition><respcondition continue="Yes"><conditionvar><varequal respident="MCSR">3</varequal></conditionvar><setvar action="Add">0</setvar><displayfeedback feedbacktype="Response" linkrefid="response_3"/></respcondition><respcondition continue="Yes"><conditionvar><varequal respident="MCSR">4</varequal></conditionvar><setvar action="Add">0</setvar><displayfeedback feedbacktype="Response" linkrefid="response_4"/></respcondition><respcondition continue="Yes"><conditionvar><varequal respident="MCSR">1</varequal></conditionvar><displayfeedback feedbacktype="Response" linkrefid="response_allcorrect"/></respcondition><respcondition continue="Yes"><conditionvar><not><varequal respident="MCSR">1</varequal></not></conditionvar><displayfeedback feedbacktype="Response" linkrefid="response_onenotcorrect"/></respcondition></resprocessing><itemfeedback ident="response_0" view="All"><flow_mat><material><mattext texttype="text/plain"></mattext></material></flow_mat></itemfeedback><itemfeedback ident="response_1" view="All"><flow_mat><material><mattext texttype="text/plain"></mattext></material></flow_mat></itemfeedback><itemfeedback ident="response_2" view="All"><flow_mat><material><mattext texttype="text/plain"></mattext></material></flow_mat></itemfeedback><itemfeedback ident="response_3" view="All"><flow_mat><material><mattext texttype="text/plain"></mattext></material></flow_mat></itemfeedback><itemfeedback ident="response_4" view="All"><flow_mat><material><mattext texttype="text/plain"></mattext></material></flow_mat></itemfeedback><itemfeedback ident="response_allcorrect" view="All"><flow_mat><material><mattext texttype="text/xhtml">&lt;p&gt;A balanced tree has a depth of &lt;span class=&quot;latex&quot;&gt;\log m&lt;/span&gt;. This tree has to be traversed downwards for a prediction. The number of features is no longer relevant, because only one feature is checked in each split.&lt;/p&gt;</mattext></material></flow_mat></itemfeedback><itemfeedback ident="response_onenotcorrect" view="All"><flow_mat><material><mattext texttype="text/xhtml">&lt;p&gt;A balanced tree has a depth of &lt;span class=&quot;latex&quot;&gt;\log m&lt;/span&gt;. This tree has to be traversed downwards for a prediction. The number of features is no longer relevant, because only one feature is checked in each split.&lt;/p&gt;</mattext></material></flow_mat></itemfeedback></item><!--Generated by ILIAS XmlWriter--><item ident="il_3231_qst_1051789" title="Decision Trees - Prediction Quality" maxattempts="0"><qticomment></qticomment><duration>P0Y0M0DT0H0M0S</duration><itemmetadata><qtimetadata><qtimetadatafield><fieldlabel>ILIAS_VERSION</fieldlabel><fieldentry>7.5 2021-12-15</fieldentry></qtimetadatafield><qtimetadatafield><fieldlabel>QUESTIONTYPE</fieldlabel><fieldentry>CLOZE QUESTION</fieldentry></qtimetadatafield><qtimetadatafield><fieldlabel>AUTHOR</fieldlabel><fieldentry>Jakob Bach</fieldentry></qtimetadatafield><qtimetadatafield><fieldlabel>additional_cont_edit_mode</fieldlabel><fieldentry>default</fieldentry></qtimetadatafield><qtimetadatafield><fieldlabel>externalId</fieldlabel><fieldentry>5fc4c0bc06e031.84369586</fieldentry></qtimetadatafield><qtimetadatafield><fieldlabel>ilias_lifecycle</fieldlabel><fieldentry>draft</fieldentry></qtimetadatafield><qtimetadatafield><fieldlabel>lifecycle</fieldlabel><fieldentry>draft</fieldentry></qtimetadatafield><qtimetadatafield><fieldlabel>textgaprating</fieldlabel><fieldentry>ci</fieldentry></qtimetadatafield><qtimetadatafield><fieldlabel>fixedTextLength</fieldlabel><fieldentry/></qtimetadatafield><qtimetadatafield><fieldlabel>identicalScoring</fieldlabel><fieldentry>1</fieldentry></qtimetadatafield><qtimetadatafield><fieldlabel>feedback_mode</fieldlabel><fieldentry>gapQuestion</fieldentry></qtimetadatafield><qtimetadatafield><fieldlabel>combinations</fieldlabel><fieldentry>W10=</fieldentry></qtimetadatafield></qtimetadata></itemmetadata><presentation label="Decision Trees - Prediction Quality"><flow><material><mattext texttype="text/xhtml">&lt;p&gt;You train a decision tree without any pre- or post-pruning (i.e., the tree can branch an arbitrary number of times) on an arbitrary dataset with two classes and an arbitrary split in training data and test data.&lt;/p&gt;</mattext></material><material><mattext texttype="text/xhtml">&lt;p&gt;In the worst case, the accuracy can be </mattext></material><response_str ident="gap_0" rcardinality="Single"><render_fib fibtype="String" prompt="Box" columns="28" maxchars="0"></render_fib></response_str><material><mattext texttype="text/plain"> on the training data and </mattext></material><response_str ident="gap_1" rcardinality="Single"><render_fib fibtype="String" prompt="Box" columns="28" maxchars="0"></render_fib></response_str><material><mattext texttype="text/xhtml"> on the test data.&lt;/p&gt;&#10;&lt;p&gt;&lt;/p&gt;</mattext></material></flow></presentation><resprocessing><outcomes><decvar></decvar></outcomes><respcondition continue="Yes"><conditionvar><varequal respident="gap_0">0%</varequal></conditionvar><setvar action="Add">0</setvar><displayfeedback feedbacktype="Response" linkrefid="0_Response_0"/></respcondition><respcondition continue="Yes"><conditionvar><varequal respident="gap_0">50%</varequal></conditionvar><setvar action="Add">0.5</setvar><displayfeedback feedbacktype="Response" linkrefid="0_Response_1"/></respcondition><respcondition continue="Yes"><conditionvar><varequal respident="gap_0">100%</varequal></conditionvar><setvar action="Add">0</setvar><displayfeedback feedbacktype="Response" linkrefid="0_Response_2"/></respcondition><respcondition continue="Yes"><conditionvar><varequal respident="gap_0">a different percentage value</varequal></conditionvar><setvar action="Add">0</setvar><displayfeedback feedbacktype="Response" linkrefid="0_Response_3"/></respcondition><respcondition continue="Yes"><conditionvar><varequal respident="gap_1">0%</varequal></conditionvar><setvar action="Add">0.5</setvar><displayfeedback feedbacktype="Response" linkrefid="1_Response_0"/></respcondition><respcondition continue="Yes"><conditionvar><varequal respident="gap_1">50%</varequal></conditionvar><setvar action="Add">0</setvar><displayfeedback feedbacktype="Response" linkrefid="1_Response_1"/></respcondition><respcondition continue="Yes"><conditionvar><varequal respident="gap_1">100%</varequal></conditionvar><setvar action="Add">0</setvar><displayfeedback feedbacktype="Response" linkrefid="1_Response_2"/></respcondition><respcondition continue="Yes"><conditionvar><varequal respident="gap_1">a different percentage value</varequal></conditionvar><setvar action="Add">0</setvar><displayfeedback feedbacktype="Response" linkrefid="1_Response_3"/></respcondition></resprocessing><itemfeedback ident="0_-10" view="All"><flow_mat><material><mattext texttype="text/xhtml">&lt;p&gt;Quite often, decision trees trained without any limitations can easily reach perfect or nearly perfect accuracy on the training data, as they can just separate objects until the partitions are pure regarding the classes. The accuracy on the training data can fall below 100%, though, even if the training is done without limitations. That is the case if data objects belonging to different classes cannot be discriminated using the given feature values. This is called the irreducible error or &quot;Bayes Error&quot;. For binary classification and assuming balanced classes (frequency 50:50), this means that 50% of data objects are classified wrongly and therefore only 50% are classified correctly. If, however, the classes are present in different proportions, the accuracy can be above 50% for non-discriminatory features due to guessing the more frequent class.&lt;/p&gt;</mattext></material></flow_mat></itemfeedback><itemfeedback ident="1_-10" view="All"><flow_mat><material><mattext texttype="text/xhtml">&lt;p&gt;If the features on the training data are non-discriminatory, the decision tree can only guess on the test data either. Apart from that, it is possible that due to the train-test split, the data objects in the training data follow different rules than the objects in the test data (meaning the distribution of the feature values or the relationship between features and class labels can be different between training and test data). As a result, the accuracy on the test data can be 0% in the worst case, even if it is very high on the training data. However, one should avoid train-test splits that alter the distributions of features and class labels. One counter-measure is to stratify the split with regard to the class labels, i.e. make sure the proportions of the class labels are equal in training and test data. Also, reducing overfitting of the tree to the training data might improve performance on the test data.&lt;/p&gt;</mattext></material></flow_mat></itemfeedback></item><!--Generated by ILIAS XmlWriter--><item ident="il_3231_qst_1051790" title="Conditional Risk" maxattempts="0"><qticomment></qticomment><duration>P0Y0M0DT0H0M0S</duration><itemmetadata><qtimetadata><qtimetadatafield><fieldlabel>ILIAS_VERSION</fieldlabel><fieldentry>7.5 2021-12-15</fieldentry></qtimetadatafield><qtimetadatafield><fieldlabel>QUESTIONTYPE</fieldlabel><fieldentry>NUMERIC QUESTION</fieldentry></qtimetadatafield><qtimetadatafield><fieldlabel>AUTHOR</fieldlabel><fieldentry>Jakob Bach</fieldentry></qtimetadatafield><qtimetadatafield><fieldlabel>additional_cont_edit_mode</fieldlabel><fieldentry>default</fieldentry></qtimetadatafield><qtimetadatafield><fieldlabel>externalId</fieldlabel><fieldentry>5fb27aab2097a5.41540088</fieldentry></qtimetadatafield><qtimetadatafield><fieldlabel>ilias_lifecycle</fieldlabel><fieldentry>draft</fieldentry></qtimetadatafield><qtimetadatafield><fieldlabel>lifecycle</fieldlabel><fieldentry>draft</fieldentry></qtimetadatafield></qtimetadata></itemmetadata><presentation label="Conditional Risk"><flow><material><mattext texttype="text/xhtml">&lt;p&gt;You&apos;re almost done studying for the Data Science I exam. Only 10 hours of preparation time remain, but you are still not sure if you should take the exam. Should you fail, you would have to retake the exam later, with a preparation effort of another 40 hours. You&apos;re 80% sure you will pass the exam on the first try and 100% sure to pass it at the second try. How high is the conditional risk (expressed in hours) of continuing preparation and taking the exam?&lt;/p&gt;</mattext></material><response_num ident="NUM" rcardinality="Single" numtype="Decimal"><render_fib fibtype="Decimal" maxchars="3"></render_fib></response_num></flow></presentation><resprocessing><outcomes><decvar></decvar></outcomes><respcondition><conditionvar><vargte respident="NUM">18</vargte><varlte respident="NUM">18</varlte></conditionvar><setvar action="Add">1</setvar><displayfeedback feedbacktype="Response" linkrefid="Correct"/></respcondition><respcondition continue="Yes"><conditionvar><vargte respident="NUM">18</vargte><varlte respident="NUM">18</varlte></conditionvar><displayfeedback feedbacktype="Response" linkrefid="response_allcorrect"/></respcondition><respcondition continue="Yes"><conditionvar><not><vargte respident="NUM">18</vargte><varlte respident="NUM">18</varlte></not></conditionvar><displayfeedback feedbacktype="Response" linkrefid="response_onenotcorrect"/></respcondition></resprocessing><itemfeedback ident="Correct" view="All"><flow_mat><material><mattext/></material></flow_mat></itemfeedback><itemfeedback ident="response_allcorrect" view="All"><flow_mat><material><mattext texttype="text/xhtml">&lt;p&gt;80 % * 10 h + (100 % - 80 %) * (10 h + 40 h) = 18 h or&lt;/p&gt;&#13;&#10;&lt;p&gt;100 % * 10 h + (100 % - 80 %) * 40 h = 18 h&lt;/p&gt;&#13;&#10;&lt;p&gt;The preparation effort for the first exam is due in any case if you want to take it, no matter if your pass or fail. The second exam only needs to be prepared if the first one was not passed.&lt;/p&gt;</mattext></material></flow_mat></itemfeedback><itemfeedback ident="response_onenotcorrect" view="All"><flow_mat><material><mattext texttype="text/xhtml">&lt;p&gt;80 % * 10 h + (100 % - 80 %) * (10 h + 40 h) = 18 h or&lt;/p&gt;&#13;&#10;&lt;p&gt;100 % * 10 h + (100 % - 80 %) * 40 h = 18 h&lt;/p&gt;&#13;&#10;&lt;p&gt;The preparation effort for the first exam is due in any case if you want to take it, no matter if your pass or fail. The second exam only needs to be prepared if the first one was not passed.&lt;/p&gt;</mattext></material></flow_mat></itemfeedback></item><!--Generated by ILIAS XmlWriter--><item ident="il_3231_qst_1063773" title="Ensembles" maxattempts="0"><qticomment></qticomment><duration>P0Y0M0DT0H0M0S</duration><itemmetadata><qtimetadata><qtimetadatafield><fieldlabel>ILIAS_VERSION</fieldlabel><fieldentry>7.5 2021-12-15</fieldentry></qtimetadatafield><qtimetadatafield><fieldlabel>QUESTIONTYPE</fieldlabel><fieldentry>CLOZE QUESTION</fieldentry></qtimetadatafield><qtimetadatafield><fieldlabel>AUTHOR</fieldlabel><fieldentry>Jakob Bach</fieldentry></qtimetadatafield><qtimetadatafield><fieldlabel>additional_cont_edit_mode</fieldlabel><fieldentry>default</fieldentry></qtimetadatafield><qtimetadatafield><fieldlabel>externalId</fieldlabel><fieldentry>61964dd5bd77d5.68760892</fieldentry></qtimetadatafield><qtimetadatafield><fieldlabel>ilias_lifecycle</fieldlabel><fieldentry>draft</fieldentry></qtimetadatafield><qtimetadatafield><fieldlabel>lifecycle</fieldlabel><fieldentry>draft</fieldentry></qtimetadatafield><qtimetadatafield><fieldlabel>textgaprating</fieldlabel><fieldentry>ci</fieldentry></qtimetadatafield><qtimetadatafield><fieldlabel>fixedTextLength</fieldlabel><fieldentry/></qtimetadatafield><qtimetadatafield><fieldlabel>identicalScoring</fieldlabel><fieldentry>1</fieldentry></qtimetadatafield><qtimetadatafield><fieldlabel>feedback_mode</fieldlabel><fieldentry>gapQuestion</fieldentry></qtimetadatafield><qtimetadatafield><fieldlabel>combinations</fieldlabel><fieldentry>W10=</fieldentry></qtimetadatafield></qtimetadata></itemmetadata><presentation label="Ensembles"><flow><material><mattext texttype="text/xhtml">&lt;p&gt;Suppose we want to train an ensemble model for a regression dataset.&lt;/p&gt;</mattext></material><material><mattext texttype="text/xhtml">&lt;p&gt;&lt;/p&gt;&#10;&lt;p&gt;</mattext></material><response_str ident="gap_0" rcardinality="Single"><render_fib fibtype="String" prompt="Box" columns="7" maxchars="0"></render_fib></response_str><material><mattext texttype="text/plain"> ensembles take the unweighted mean over their individual regressors. In contrast, </mattext></material><response_str ident="gap_1" rcardinality="Single"><render_fib fibtype="String" prompt="Box" columns="8" maxchars="0"></render_fib></response_str><material><mattext texttype="text/plain"> ensembles take a weighted mean. Finally, </mattext></material><response_str ident="gap_2" rcardinality="Single"><render_fib fibtype="String" prompt="Box" columns="8" maxchars="0"></render_fib></response_str><material><mattext texttype="text/xhtml"> ensembles use a meta-model to weight their individual regressors.&lt;/p&gt;</mattext></material></flow></presentation><resprocessing><outcomes><decvar></decvar></outcomes><respcondition continue="Yes"><conditionvar><varequal respident="gap_0">Bagging</varequal></conditionvar><setvar action="Add">0.34</setvar><displayfeedback feedbacktype="Response" linkrefid="0_Response_0"/></respcondition><respcondition continue="Yes"><conditionvar><varequal respident="gap_1">boosting</varequal></conditionvar><setvar action="Add">0.33</setvar><displayfeedback feedbacktype="Response" linkrefid="1_Response_0"/></respcondition><respcondition continue="Yes"><conditionvar><varequal respident="gap_2">stacking</varequal></conditionvar><setvar action="Add">0.33</setvar><displayfeedback feedbacktype="Response" linkrefid="2_Response_0"/></respcondition><respcondition continue="Yes"><conditionvar><varequal respident="gap_0">Bagging</varequal><and><varequal respident="gap_1">boosting</varequal></and><and><varequal respident="gap_2">stacking</varequal></and></conditionvar><displayfeedback feedbacktype="Response" linkrefid="response_allcorrect"/></respcondition><respcondition continue="Yes"><conditionvar><not><varequal respident="gap_0">Bagging</varequal><and><varequal respident="gap_1">boosting</varequal></and><and><varequal respident="gap_2">stacking</varequal></and></not></conditionvar><displayfeedback feedbacktype="Response" linkrefid="response_onenotcorrect"/></respcondition></resprocessing><itemfeedback ident="0_-10" view="All"><flow_mat><material><mattext texttype="text/plain"></mattext></material></flow_mat></itemfeedback><itemfeedback ident="1_-10" view="All"><flow_mat><material><mattext texttype="text/plain"></mattext></material></flow_mat></itemfeedback><itemfeedback ident="2_-10" view="All"><flow_mat><material><mattext texttype="text/plain"></mattext></material></flow_mat></itemfeedback><itemfeedback ident="response_allcorrect" view="All"><flow_mat><material><mattext texttype="text/xhtml">&lt;p&gt;See the lecture.&lt;/p&gt;</mattext></material></flow_mat></itemfeedback><itemfeedback ident="response_onenotcorrect" view="All"><flow_mat><material><mattext texttype="text/xhtml">&lt;p&gt;See the lecture.&lt;/p&gt;</mattext></material></flow_mat></itemfeedback></item><!--Generated by ILIAS XmlWriter--><item ident="il_3231_qst_1051791" title="Training, Validation and Test" maxattempts="0"><qticomment></qticomment><duration>P0Y0M0DT0H0M0S</duration><itemmetadata><qtimetadata><qtimetadatafield><fieldlabel>ILIAS_VERSION</fieldlabel><fieldentry>7.5 2021-12-15</fieldentry></qtimetadatafield><qtimetadatafield><fieldlabel>QUESTIONTYPE</fieldlabel><fieldentry>MATCHING QUESTION</fieldentry></qtimetadatafield><qtimetadatafield><fieldlabel>AUTHOR</fieldlabel><fieldentry>Jakob Bach</fieldentry></qtimetadatafield><qtimetadatafield><fieldlabel>additional_cont_edit_mode</fieldlabel><fieldentry>default</fieldentry></qtimetadatafield><qtimetadatafield><fieldlabel>externalId</fieldlabel><fieldentry>5fb25164d780f9.29105618</fieldentry></qtimetadatafield><qtimetadatafield><fieldlabel>ilias_lifecycle</fieldlabel><fieldentry>draft</fieldentry></qtimetadatafield><qtimetadatafield><fieldlabel>lifecycle</fieldlabel><fieldentry>draft</fieldentry></qtimetadatafield><qtimetadatafield><fieldlabel>shuffle</fieldlabel><fieldentry>1</fieldentry></qtimetadatafield><qtimetadatafield><fieldlabel>thumb_geometry</fieldlabel><fieldentry>100</fieldentry></qtimetadatafield><qtimetadatafield><fieldlabel>matching_mode</fieldlabel><fieldentry>1:1</fieldentry></qtimetadatafield></qtimetadata></itemmetadata><presentation label="Training, Validation and Test"><flow><material><mattext texttype="text/xhtml">&lt;p&gt;Assign the different data splits to their main purpose!&lt;/p&gt;</mattext></material><response_grp ident="MQ" rcardinality="Multiple"><render_choice shuffle="Yes"><response_label ident="53198" match_max="1" match_group="99166,84274,83693"><material><mattext texttype="text/plain">Training data</mattext></material></response_label><response_label ident="38233" match_max="1" match_group="99166,84274,83693"><material><mattext texttype="text/plain">Validation data</mattext></material></response_label><response_label ident="53142" match_max="1" match_group="99166,84274,83693"><material><mattext texttype="text/plain">Test data</mattext></material></response_label><response_label ident="99166"><material><mattext texttype="text/plain">Building a model</mattext></material></response_label><response_label ident="84274"><material><mattext texttype="text/plain">Comparing models and hyperparameter settings</mattext></material></response_label><response_label ident="83693"><material><mattext texttype="text/plain">Evaluating the final model configuration</mattext></material></response_label></render_choice></response_grp></flow></presentation><resprocessing><outcomes><decvar></decvar></outcomes><respcondition continue="Yes"><conditionvar><varsubset respident="MQ">99166,53198</varsubset></conditionvar><setvar action="Add">0.34</setvar><displayfeedback feedbacktype="Response" linkrefid="correct_99166_"/></respcondition><respcondition continue="Yes"><conditionvar><varsubset respident="MQ">84274,38233</varsubset></conditionvar><setvar action="Add">0.33</setvar><displayfeedback feedbacktype="Response" linkrefid="correct_84274_"/></respcondition><respcondition continue="Yes"><conditionvar><varsubset respident="MQ">83693,53142</varsubset></conditionvar><setvar action="Add">0.33</setvar><displayfeedback feedbacktype="Response" linkrefid="correct_83693_"/></respcondition><respcondition continue="Yes"><conditionvar><varsubset respident="MQ">99166,53198</varsubset><varsubset respident="MQ">84274,38233</varsubset><varsubset respident="MQ">83693,53142</varsubset></conditionvar><displayfeedback feedbacktype="Response" linkrefid="response_allcorrect"/></respcondition><respcondition continue="Yes"><conditionvar><not><varsubset respident="MQ">99166,53198</varsubset><varsubset respident="MQ">84274,38233</varsubset><varsubset respident="MQ">83693,53142</varsubset></not></conditionvar><displayfeedback feedbacktype="Response" linkrefid="response_onenotcorrect"/></respcondition></resprocessing><itemfeedback ident="correct_99166_53198" view="All"><flow_mat><material><mattext></mattext></material></flow_mat></itemfeedback><itemfeedback ident="correct_84274_38233" view="All"><flow_mat><material><mattext></mattext></material></flow_mat></itemfeedback><itemfeedback ident="correct_83693_53142" view="All"><flow_mat><material><mattext></mattext></material></flow_mat></itemfeedback><itemfeedback ident="response_allcorrect" view="All"><flow_mat><material><mattext texttype="text/xhtml">&lt;p&gt;See the lecture. After selecting a model and hyperparameter configuration, validation data can be used for training as well. After determining the quality of the finally chosen configuration, test data can be used for training as well.&lt;/p&gt;</mattext></material></flow_mat></itemfeedback><itemfeedback ident="response_onenotcorrect" view="All"><flow_mat><material><mattext texttype="text/xhtml">&lt;p&gt;See the lecture. After selecting a model and hyperparameter configuration, validation data can be used for training as well. After determining the quality of the finally chosen configuration, test data can be used for training as well.&lt;/p&gt;</mattext></material></flow_mat></itemfeedback></item><!--Generated by ILIAS XmlWriter--><item ident="il_3231_qst_1051792" title="Bias and Variance - Train/Test Performance" maxattempts="0"><qticomment></qticomment><duration>P0Y0M0DT0H0M0S</duration><itemmetadata><qtimetadata><qtimetadatafield><fieldlabel>ILIAS_VERSION</fieldlabel><fieldentry>7.5 2021-12-15</fieldentry></qtimetadatafield><qtimetadatafield><fieldlabel>QUESTIONTYPE</fieldlabel><fieldentry>SINGLE CHOICE QUESTION</fieldentry></qtimetadatafield><qtimetadatafield><fieldlabel>AUTHOR</fieldlabel><fieldentry>Jakob Bach</fieldentry></qtimetadatafield><qtimetadatafield><fieldlabel>additional_cont_edit_mode</fieldlabel><fieldentry>default</fieldentry></qtimetadatafield><qtimetadatafield><fieldlabel>externalId</fieldlabel><fieldentry>5fb25a10b3e360.70941082</fieldentry></qtimetadatafield><qtimetadatafield><fieldlabel>ilias_lifecycle</fieldlabel><fieldentry>draft</fieldentry></qtimetadatafield><qtimetadatafield><fieldlabel>lifecycle</fieldlabel><fieldentry>draft</fieldentry></qtimetadatafield><qtimetadatafield><fieldlabel>thumb_size</fieldlabel><fieldentry/></qtimetadatafield><qtimetadatafield><fieldlabel>feedback_setting</fieldlabel><fieldentry>1</fieldentry></qtimetadatafield><qtimetadatafield><fieldlabel>singleline</fieldlabel><fieldentry>0</fieldentry></qtimetadatafield></qtimetadata></itemmetadata><presentation label="Bias and Variance - Train/Test Performance"><flow><material><mattext texttype="text/xhtml">&lt;p&gt;Assume a model has&lt;/p&gt;&#13;&#10;&lt;p&gt;a) a training accuracy clearly below 100%, e.g., 60%&lt;/p&gt;&#13;&#10;&lt;p&gt;b) a large gap between training and test accuracy&lt;/p&gt;&#13;&#10;&lt;p&gt;What is the name of the underlying phenomena?&lt;/p&gt;</mattext></material><response_lid ident="MCSR" rcardinality="Single"><render_choice shuffle="Yes"><response_label ident="0"><material><mattext texttype="text/xhtml">&lt;p&gt;a) Bias, b) Bias&lt;/p&gt;</mattext></material></response_label><response_label ident="1"><material><mattext texttype="text/xhtml">&lt;p&gt;a) Bias, b) Variance&lt;/p&gt;</mattext></material></response_label><response_label ident="2"><material><mattext texttype="text/xhtml">&lt;p&gt;a) Variance, b) Bias&lt;/p&gt;</mattext></material></response_label><response_label ident="3"><material><mattext texttype="text/xhtml">&lt;p&gt;a) Variance, b) Variance&lt;/p&gt;</mattext></material></response_label></render_choice></response_lid></flow></presentation><resprocessing><outcomes><decvar></decvar></outcomes><respcondition continue="Yes"><conditionvar><varequal respident="MCSR">0</varequal></conditionvar><setvar action="Add">0</setvar><displayfeedback feedbacktype="Response" linkrefid="response_0"/></respcondition><respcondition continue="Yes"><conditionvar><varequal respident="MCSR">1</varequal></conditionvar><setvar action="Add">1</setvar><displayfeedback feedbacktype="Response" linkrefid="response_1"/></respcondition><respcondition continue="Yes"><conditionvar><varequal respident="MCSR">2</varequal></conditionvar><setvar action="Add">0</setvar><displayfeedback feedbacktype="Response" linkrefid="response_2"/></respcondition><respcondition continue="Yes"><conditionvar><varequal respident="MCSR">3</varequal></conditionvar><setvar action="Add">0</setvar><displayfeedback feedbacktype="Response" linkrefid="response_3"/></respcondition><respcondition continue="Yes"><conditionvar><varequal respident="MCSR">1</varequal></conditionvar><displayfeedback feedbacktype="Response" linkrefid="response_allcorrect"/></respcondition><respcondition continue="Yes"><conditionvar><not><varequal respident="MCSR">1</varequal></not></conditionvar><displayfeedback feedbacktype="Response" linkrefid="response_onenotcorrect"/></respcondition></resprocessing><itemfeedback ident="response_0" view="All"><flow_mat><material><mattext texttype="text/plain"></mattext></material></flow_mat></itemfeedback><itemfeedback ident="response_1" view="All"><flow_mat><material><mattext texttype="text/plain"></mattext></material></flow_mat></itemfeedback><itemfeedback ident="response_2" view="All"><flow_mat><material><mattext texttype="text/plain"></mattext></material></flow_mat></itemfeedback><itemfeedback ident="response_3" view="All"><flow_mat><material><mattext texttype="text/plain"></mattext></material></flow_mat></itemfeedback><itemfeedback ident="response_allcorrect" view="All"><flow_mat><material><mattext texttype="text/xhtml">&lt;p&gt;If the model already is rather inaccurate on the training data, it might not be complex enough to capture the dependencies in the data. This means it has a large bias. Further reasons for low training performance are bugs in the training process or insufficiently discriminating features.&lt;/p&gt;&#13;&#10;&lt;p&gt;If there is a large gap in prediction performance between training and test, the model usually has overfit to the training data, causing non-generalizable predictions. This means the model is highly sensitive to input data and has a high variance.&lt;/p&gt;</mattext></material></flow_mat></itemfeedback><itemfeedback ident="response_onenotcorrect" view="All"><flow_mat><material><mattext texttype="text/xhtml">&lt;p&gt;If the model already is rather inaccurate on the training data, it might not be complex enough to capture the dependencies in the data. This means it has a large bias. Further reasons for low training performance are bugs in the training process or insufficiently discriminating features.&lt;/p&gt;&#13;&#10;&lt;p&gt;If there is a large gap in prediction performance between training and test, the model usually has overfit to the training data, causing non-generalizable predictions. This means the model is highly sensitive to input data and has a high variance.&lt;/p&gt;</mattext></material></flow_mat></itemfeedback></item><!--Generated by ILIAS XmlWriter--><item ident="il_3231_qst_1063770" title="Bias and Variance - Models" maxattempts="0"><qticomment></qticomment><duration>P0Y0M0DT0H0M0S</duration><itemmetadata><qtimetadata><qtimetadatafield><fieldlabel>ILIAS_VERSION</fieldlabel><fieldentry>7.5 2021-12-15</fieldentry></qtimetadatafield><qtimetadatafield><fieldlabel>QUESTIONTYPE</fieldlabel><fieldentry>MATCHING QUESTION</fieldentry></qtimetadatafield><qtimetadatafield><fieldlabel>AUTHOR</fieldlabel><fieldentry>Jakob Bach</fieldentry></qtimetadatafield><qtimetadatafield><fieldlabel>additional_cont_edit_mode</fieldlabel><fieldentry>default</fieldentry></qtimetadatafield><qtimetadatafield><fieldlabel>externalId</fieldlabel><fieldentry>619648902d9918.97274888</fieldentry></qtimetadatafield><qtimetadatafield><fieldlabel>ilias_lifecycle</fieldlabel><fieldentry>draft</fieldentry></qtimetadatafield><qtimetadatafield><fieldlabel>lifecycle</fieldlabel><fieldentry>draft</fieldentry></qtimetadatafield><qtimetadatafield><fieldlabel>shuffle</fieldlabel><fieldentry>1</fieldentry></qtimetadatafield><qtimetadatafield><fieldlabel>thumb_geometry</fieldlabel><fieldentry>100</fieldentry></qtimetadatafield><qtimetadatafield><fieldlabel>matching_mode</fieldlabel><fieldentry>n:n</fieldentry></qtimetadatafield></qtimetadata></itemmetadata><presentation label="Bias and Variance - Models"><flow><material><mattext texttype="text/xhtml">&lt;p&gt;Match the following predictions models to either &quot;high bias&quot; or &quot;high variance&quot;, depending on which danger is higher!&lt;/p&gt;</mattext></material><response_grp ident="MQ" rcardinality="Multiple"><render_choice shuffle="Yes"><response_label ident="91744" match_max="1" match_group="27769,45285"><material><mattext texttype="text/plain">Linear regression</mattext></material></response_label><response_label ident="37635" match_max="1" match_group="27769,45285"><material><mattext texttype="text/plain">k-NN with low k</mattext></material></response_label><response_label ident="73932" match_max="1" match_group="27769,45285"><material><mattext texttype="text/plain">Unpruned decision tree</mattext></material></response_label><response_label ident="21798" match_max="1" match_group="27769,45285"><material><mattext texttype="text/plain">Naive Bayes</mattext></material></response_label><response_label ident="27769"><material><mattext texttype="text/plain">High bias</mattext></material></response_label><response_label ident="45285"><material><mattext texttype="text/plain">High variance</mattext></material></response_label></render_choice></response_grp></flow></presentation><resprocessing><outcomes><decvar></decvar></outcomes><respcondition continue="Yes"><conditionvar><varsubset respident="MQ">27769,91744</varsubset></conditionvar><setvar action="Add">0.25</setvar><displayfeedback feedbacktype="Response" linkrefid="correct_27769_"/></respcondition><respcondition continue="Yes"><conditionvar><varsubset respident="MQ">45285,37635</varsubset></conditionvar><setvar action="Add">0.25</setvar><displayfeedback feedbacktype="Response" linkrefid="correct_45285_"/></respcondition><respcondition continue="Yes"><conditionvar><varsubset respident="MQ">45285,73932</varsubset></conditionvar><setvar action="Add">0.25</setvar><displayfeedback feedbacktype="Response" linkrefid="correct_45285_"/></respcondition><respcondition continue="Yes"><conditionvar><varsubset respident="MQ">27769,21798</varsubset></conditionvar><setvar action="Add">0.25</setvar><displayfeedback feedbacktype="Response" linkrefid="correct_27769_"/></respcondition><respcondition continue="Yes"><conditionvar><varsubset respident="MQ">27769,91744</varsubset><varsubset respident="MQ">45285,37635</varsubset><varsubset respident="MQ">45285,73932</varsubset><varsubset respident="MQ">27769,21798</varsubset></conditionvar><displayfeedback feedbacktype="Response" linkrefid="response_allcorrect"/></respcondition><respcondition continue="Yes"><conditionvar><not><varsubset respident="MQ">27769,91744</varsubset><varsubset respident="MQ">45285,37635</varsubset><varsubset respident="MQ">45285,73932</varsubset><varsubset respident="MQ">27769,21798</varsubset></not></conditionvar><displayfeedback feedbacktype="Response" linkrefid="response_onenotcorrect"/></respcondition></resprocessing><itemfeedback ident="correct_27769_91744" view="All"><flow_mat><material><mattext></mattext></material></flow_mat></itemfeedback><itemfeedback ident="correct_45285_37635" view="All"><flow_mat><material><mattext></mattext></material></flow_mat></itemfeedback><itemfeedback ident="correct_45285_73932" view="All"><flow_mat><material><mattext></mattext></material></flow_mat></itemfeedback><itemfeedback ident="correct_27769_21798" view="All"><flow_mat><material><mattext></mattext></material></flow_mat></itemfeedback><itemfeedback ident="response_allcorrect" view="All"><flow_mat><material><mattext texttype="text/xhtml">&lt;p&gt;Simple linear models might not be strong enough to fit complex dependencies in the data, thus they are biased. In contrast, if using higher order polynomials and interaction terms, the danger of overfitting (high variance) grows.&lt;/p&gt;&#13;&#10;&lt;p&gt;k-NN with low k strongly depends on a few points in the query&apos;s neighborhood and thus is subject to high variance. By increasing k, variance decreases, but bias increases, as more and more points with strongly different feature values are considered.&lt;/p&gt;&#13;&#10;&lt;p&gt;Unpruned decision trees overfit the data and exhibit high variance. Pruning might reduce variance, but introduce bias (it the tree becomes too weak to fit the data).&lt;/p&gt;&#13;&#10;&lt;p&gt;Naive Bayes, as linear models, might underfit the data. More complex Bayesian models could reduce bias, but might introduce more variance (in particular, if there is not enough data to estimate multivariate distributions properly).&lt;/p&gt;</mattext></material></flow_mat></itemfeedback><itemfeedback ident="response_onenotcorrect" view="All"><flow_mat><material><mattext texttype="text/xhtml">&lt;p&gt;Simple linear models might not be strong enough to fit complex dependencies in the data, thus they are biased. In contrast, if using higher order polynomials and interaction terms, the danger of overfitting (high variance) grows.&lt;/p&gt;&#13;&#10;&lt;p&gt;k-NN with low k strongly depends on a few points in the query&apos;s neighborhood and thus is subject to high variance. By increasing k, variance decreases, but bias increases, as more and more points with strongly different feature values are considered.&lt;/p&gt;&#13;&#10;&lt;p&gt;Unpruned decision trees overfit the data and exhibit high variance. Pruning might reduce variance, but introduce bias (it the tree becomes too weak to fit the data).&lt;/p&gt;&#13;&#10;&lt;p&gt;Naive Bayes, as linear models, might underfit the data. More complex Bayesian models could reduce bias, but might introduce more variance (in particular, if there is not enough data to estimate multivariate distributions properly).&lt;/p&gt;</mattext></material></flow_mat></itemfeedback></item><!--Generated by ILIAS XmlWriter--><item ident="il_3231_qst_1051793" title="Baseline Performance of Evaluation Measures" maxattempts="0"><qticomment></qticomment><duration>P0Y0M0DT0H0M0S</duration><itemmetadata><qtimetadata><qtimetadatafield><fieldlabel>ILIAS_VERSION</fieldlabel><fieldentry>7.5 2021-12-15</fieldentry></qtimetadatafield><qtimetadatafield><fieldlabel>QUESTIONTYPE</fieldlabel><fieldentry>SINGLE CHOICE QUESTION</fieldentry></qtimetadatafield><qtimetadatafield><fieldlabel>AUTHOR</fieldlabel><fieldentry>Jakob Bach</fieldentry></qtimetadatafield><qtimetadatafield><fieldlabel>additional_cont_edit_mode</fieldlabel><fieldentry>default</fieldentry></qtimetadatafield><qtimetadatafield><fieldlabel>externalId</fieldlabel><fieldentry>5fc4c7baed3030.80063395</fieldentry></qtimetadatafield><qtimetadatafield><fieldlabel>ilias_lifecycle</fieldlabel><fieldentry>draft</fieldentry></qtimetadatafield><qtimetadatafield><fieldlabel>lifecycle</fieldlabel><fieldentry>draft</fieldentry></qtimetadatafield><qtimetadatafield><fieldlabel>thumb_size</fieldlabel><fieldentry/></qtimetadatafield><qtimetadatafield><fieldlabel>feedback_setting</fieldlabel><fieldentry>1</fieldentry></qtimetadatafield><qtimetadatafield><fieldlabel>singleline</fieldlabel><fieldentry>0</fieldentry></qtimetadatafield></qtimetadata></itemmetadata><presentation label="Baseline Performance of Evaluation Measures"><flow><material><mattext texttype="text/xhtml">&lt;p&gt;Assuming two classes are present in the data, for which evaluation measure can you easily get a value of 1 (= 100%) by simply always predicting the &quot;positive&quot; class?&lt;/p&gt;</mattext></material><response_lid ident="MCSR" rcardinality="Single"><render_choice shuffle="Yes"><response_label ident="0"><material><mattext texttype="text/xhtml">&lt;p&gt;Accuracy&lt;/p&gt;</mattext></material></response_label><response_label ident="1"><material><mattext texttype="text/xhtml">&lt;p&gt;Kappa coefficient&lt;/p&gt;</mattext></material></response_label><response_label ident="2"><material><mattext texttype="text/xhtml">&lt;p&gt;Precision&lt;/p&gt;</mattext></material></response_label><response_label ident="3"><material><mattext texttype="text/xhtml">&lt;p&gt;Recall&lt;/p&gt;</mattext></material></response_label></render_choice></response_lid></flow></presentation><resprocessing><outcomes><decvar></decvar></outcomes><respcondition continue="Yes"><conditionvar><varequal respident="MCSR">0</varequal></conditionvar><setvar action="Add">0</setvar><displayfeedback feedbacktype="Response" linkrefid="response_0"/></respcondition><respcondition continue="Yes"><conditionvar><varequal respident="MCSR">1</varequal></conditionvar><setvar action="Add">0</setvar><displayfeedback feedbacktype="Response" linkrefid="response_1"/></respcondition><respcondition continue="Yes"><conditionvar><varequal respident="MCSR">2</varequal></conditionvar><setvar action="Add">0</setvar><displayfeedback feedbacktype="Response" linkrefid="response_2"/></respcondition><respcondition continue="Yes"><conditionvar><varequal respident="MCSR">3</varequal></conditionvar><setvar action="Add">1</setvar><displayfeedback feedbacktype="Response" linkrefid="response_3"/></respcondition><respcondition continue="Yes"><conditionvar><varequal respident="MCSR">3</varequal></conditionvar><displayfeedback feedbacktype="Response" linkrefid="response_allcorrect"/></respcondition><respcondition continue="Yes"><conditionvar><not><varequal respident="MCSR">3</varequal></not></conditionvar><displayfeedback feedbacktype="Response" linkrefid="response_onenotcorrect"/></respcondition></resprocessing><itemfeedback ident="response_0" view="All"><flow_mat><material><mattext texttype="text/plain"></mattext></material></flow_mat></itemfeedback><itemfeedback ident="response_1" view="All"><flow_mat><material><mattext texttype="text/plain"></mattext></material></flow_mat></itemfeedback><itemfeedback ident="response_2" view="All"><flow_mat><material><mattext texttype="text/plain"></mattext></material></flow_mat></itemfeedback><itemfeedback ident="response_3" view="All"><flow_mat><material><mattext texttype="text/plain"></mattext></material></flow_mat></itemfeedback><itemfeedback ident="response_allcorrect" view="All"><flow_mat><material><mattext texttype="text/xhtml">&lt;p&gt;Recall is defined as &lt;span class=&quot;latex&quot;&gt;\frac{TP}{TP+FN}&lt;/span&gt;. By always guessing &quot;positive&quot;, you can&apos;t produce false negatives. You still get false positives, but they don&apos;t count towards the recall, in contrast to the other evaluation measures mentioned in the task.&lt;/p&gt;</mattext></material></flow_mat></itemfeedback><itemfeedback ident="response_onenotcorrect" view="All"><flow_mat><material><mattext texttype="text/xhtml">&lt;p&gt;Recall is defined as &lt;span class=&quot;latex&quot;&gt;\frac{TP}{TP+FN}&lt;/span&gt;. By always guessing &quot;positive&quot;, you can&apos;t produce false negatives. You still get false positives, but they don&apos;t count towards the recall, in contrast to the other evaluation measures mentioned in the task.&lt;/p&gt;</mattext></material></flow_mat></itemfeedback></item><!--Generated by ILIAS XmlWriter--><item ident="il_3231_qst_1051794" title="Cohen&apos;s Kappa Coefficient" maxattempts="0"><qticomment></qticomment><duration>P0Y0M0DT0H0M0S</duration><itemmetadata><qtimetadata><qtimetadatafield><fieldlabel>ILIAS_VERSION</fieldlabel><fieldentry>7.5 2021-12-15</fieldentry></qtimetadatafield><qtimetadatafield><fieldlabel>QUESTIONTYPE</fieldlabel><fieldentry>NUMERIC QUESTION</fieldentry></qtimetadatafield><qtimetadatafield><fieldlabel>AUTHOR</fieldlabel><fieldentry>Jakob Bach</fieldentry></qtimetadatafield><qtimetadatafield><fieldlabel>additional_cont_edit_mode</fieldlabel><fieldentry>default</fieldentry></qtimetadatafield><qtimetadatafield><fieldlabel>externalId</fieldlabel><fieldentry>5fb2703c333268.91862162</fieldentry></qtimetadatafield><qtimetadatafield><fieldlabel>ilias_lifecycle</fieldlabel><fieldentry>draft</fieldentry></qtimetadatafield><qtimetadatafield><fieldlabel>lifecycle</fieldlabel><fieldentry>draft</fieldentry></qtimetadatafield></qtimetadata></itemmetadata><presentation label="Cohen&apos;s Kappa Coefficient"><flow><material><mattext texttype="text/xhtml">&lt;p&gt;Assume the following values of a contingency table to evaluate classification:&lt;/p&gt;&#13;&#10;&lt;p&gt;TP = 60, FP = 10, FN = 10, TN = 20&lt;/p&gt;&#13;&#10;&lt;p&gt;Calculate Cohen&apos;s kappa coefficient. Round your solution to two decimal places and use a point (.) as decimal separator.&lt;/p&gt;</mattext></material><response_num ident="NUM" rcardinality="Single" numtype="Decimal"><render_fib fibtype="Decimal" maxchars="4"></render_fib></response_num></flow></presentation><resprocessing><outcomes><decvar></decvar></outcomes><respcondition><conditionvar><vargte respident="NUM">0.52</vargte><varlte respident="NUM">0.52</varlte></conditionvar><setvar action="Add">1</setvar><displayfeedback feedbacktype="Response" linkrefid="Correct"/></respcondition><respcondition continue="Yes"><conditionvar><vargte respident="NUM">0.52</vargte><varlte respident="NUM">0.52</varlte></conditionvar><displayfeedback feedbacktype="Response" linkrefid="response_allcorrect"/></respcondition><respcondition continue="Yes"><conditionvar><not><vargte respident="NUM">0.52</vargte><varlte respident="NUM">0.52</varlte></not></conditionvar><displayfeedback feedbacktype="Response" linkrefid="response_onenotcorrect"/></respcondition></resprocessing><itemfeedback ident="Correct" view="All"><flow_mat><material><mattext/></material></flow_mat></itemfeedback><itemfeedback ident="response_allcorrect" view="All"><flow_mat><material><mattext texttype="text/xhtml">&lt;p&gt;The classifier predicts class &quot;positive&quot; with 70% (TP + FP) and class negative with 30% (TN + FN). In the ground truth, 70 data objects belong to &quot;positive&quot; (TP + FN) and 30 data objects belong to &quot;negative&quot; (TN + FP). If you guess class membership with the same proportions as the classifier, you classify 70% * 70 + 30% * 30 = 58 data objects correctly (for the 70 &quot;positive&quot; objects, your guess is correct in 70% of the cases, and for the 30 &quot;negative&quot; objects, your guess is correct in 30% of the cases). The classifier has classified 80 data objects correctly (TP + TN). These numbers yield a kappa coefficient of &lt;span class=&quot;latex&quot;&gt;\frac{80-58}{100-58} = 0.52&lt;/span&gt;. (You can also calculate with the frequencies, i.e., &lt;span class=&quot;latex&quot;&gt;\frac{0.8-0.58}{1-0.58} = 0.52&lt;/span&gt;)&lt;/p&gt;&#13;&#10;&lt;p&gt;Note that an even stronger baseline than &quot;guessing with same proportions&quot; here is &quot;always guessing positive&quot;, yielding an accuracy of 70% instead of 58%.&lt;/p&gt;</mattext></material></flow_mat></itemfeedback><itemfeedback ident="response_onenotcorrect" view="All"><flow_mat><material><mattext texttype="text/xhtml">&lt;p&gt;The classifier predicts class &quot;positive&quot; with 70% (TP + FP) and class negative with 30% (TN + FN). In the ground truth, 70 data objects belong to &quot;positive&quot; (TP + FN) and 30 data objects belong to &quot;negative&quot; (TN + FP). If you guess class membership with the same proportions as the classifier, you classify 70% * 70 + 30% * 30 = 58 data objects correctly (for the 70 &quot;positive&quot; objects, your guess is correct in 70% of the cases, and for the 30 &quot;negative&quot; objects, your guess is correct in 30% of the cases). The classifier has classified 80 data objects correctly (TP + TN). These numbers yield a kappa coefficient of &lt;span class=&quot;latex&quot;&gt;\frac{80-58}{100-58} = 0.52&lt;/span&gt;. (You can also calculate with the frequencies, i.e., &lt;span class=&quot;latex&quot;&gt;\frac{0.8-0.58}{1-0.58} = 0.52&lt;/span&gt;)&lt;/p&gt;&#13;&#10;&lt;p&gt;Note that an even stronger baseline than &quot;guessing with same proportions&quot; here is &quot;always guessing positive&quot;, yielding an accuracy of 70% instead of 58%.&lt;/p&gt;</mattext></material></flow_mat></itemfeedback></item><!--Generated by ILIAS XmlWriter--><item ident="il_3231_qst_1051795" title="ROC and Lift" maxattempts="0"><qticomment></qticomment><duration>P0Y0M0DT0H0M0S</duration><itemmetadata><qtimetadata><qtimetadatafield><fieldlabel>ILIAS_VERSION</fieldlabel><fieldentry>7.5 2021-12-15</fieldentry></qtimetadatafield><qtimetadatafield><fieldlabel>QUESTIONTYPE</fieldlabel><fieldentry>MATCHING QUESTION</fieldentry></qtimetadatafield><qtimetadatafield><fieldlabel>AUTHOR</fieldlabel><fieldentry>Jakob Bach</fieldentry></qtimetadatafield><qtimetadatafield><fieldlabel>additional_cont_edit_mode</fieldlabel><fieldentry>default</fieldentry></qtimetadatafield><qtimetadatafield><fieldlabel>externalId</fieldlabel><fieldentry>5fb2571362c6b2.28356983</fieldentry></qtimetadatafield><qtimetadatafield><fieldlabel>ilias_lifecycle</fieldlabel><fieldentry>draft</fieldentry></qtimetadatafield><qtimetadatafield><fieldlabel>lifecycle</fieldlabel><fieldentry>draft</fieldentry></qtimetadatafield><qtimetadatafield><fieldlabel>shuffle</fieldlabel><fieldentry>1</fieldentry></qtimetadatafield><qtimetadatafield><fieldlabel>thumb_geometry</fieldlabel><fieldentry>100</fieldentry></qtimetadatafield><qtimetadatafield><fieldlabel>matching_mode</fieldlabel><fieldentry>n:n</fieldentry></qtimetadatafield></qtimetadata></itemmetadata><presentation label="ROC and Lift"><flow><material><mattext texttype="text/xhtml">&lt;p&gt;Assign the evaluation metrics to the plots they appear in. (Hint: each plot shows two metrics.)&lt;/p&gt;</mattext></material><response_grp ident="MQ" rcardinality="Multiple"><render_choice shuffle="Yes"><response_label ident="71970" match_max="1" match_group="40422,69223,12212,37885,97766,51626"><material><mattext texttype="text/plain">ROC plot</mattext></material></response_label><response_label ident="35697" match_max="1" match_group="40422,69223,12212,37885,97766,51626"><material><mattext texttype="text/plain">Lift plot</mattext></material></response_label><response_label ident="40422"><material><mattext texttype="text/plain">True positive rate (recall)</mattext></material></response_label><response_label ident="69223"><material><mattext texttype="text/plain">False positive rate</mattext></material></response_label><response_label ident="12212"><material><mattext texttype="text/plain">Number of true positives</mattext></material></response_label><response_label ident="37885"><material><mattext texttype="text/plain">Number of false positives</mattext></material></response_label><response_label ident="97766"><material><mattext texttype="text/plain">Number of data objects</mattext></material></response_label><response_label ident="51626"><material><mattext texttype="text/plain">Precision</mattext></material></response_label></render_choice></response_grp></flow></presentation><resprocessing><outcomes><decvar></decvar></outcomes><respcondition continue="Yes"><conditionvar><varsubset respident="MQ">40422,71970</varsubset></conditionvar><setvar action="Add">0.25</setvar><displayfeedback feedbacktype="Response" linkrefid="correct_40422_"/></respcondition><respcondition continue="Yes"><conditionvar><varsubset respident="MQ">69223,71970</varsubset></conditionvar><setvar action="Add">0.25</setvar><displayfeedback feedbacktype="Response" linkrefid="correct_69223_"/></respcondition><respcondition continue="Yes"><conditionvar><varsubset respident="MQ">12212,35697</varsubset></conditionvar><setvar action="Add">0.25</setvar><displayfeedback feedbacktype="Response" linkrefid="correct_12212_"/></respcondition><respcondition continue="Yes"><conditionvar><varsubset respident="MQ">97766,35697</varsubset></conditionvar><setvar action="Add">0.25</setvar><displayfeedback feedbacktype="Response" linkrefid="correct_97766_"/></respcondition><respcondition continue="Yes"><conditionvar><varsubset respident="MQ">40422,71970</varsubset><varsubset respident="MQ">69223,71970</varsubset><varsubset respident="MQ">12212,35697</varsubset><varsubset respident="MQ">97766,35697</varsubset></conditionvar><displayfeedback feedbacktype="Response" linkrefid="response_allcorrect"/></respcondition><respcondition continue="Yes"><conditionvar><not><varsubset respident="MQ">40422,71970</varsubset><varsubset respident="MQ">69223,71970</varsubset><varsubset respident="MQ">12212,35697</varsubset><varsubset respident="MQ">97766,35697</varsubset></not></conditionvar><displayfeedback feedbacktype="Response" linkrefid="response_onenotcorrect"/></respcondition></resprocessing><itemfeedback ident="correct_40422_71970" view="All"><flow_mat><material><mattext></mattext></material></flow_mat></itemfeedback><itemfeedback ident="correct_69223_71970" view="All"><flow_mat><material><mattext></mattext></material></flow_mat></itemfeedback><itemfeedback ident="correct_12212_35697" view="All"><flow_mat><material><mattext></mattext></material></flow_mat></itemfeedback><itemfeedback ident="correct_97766_35697" view="All"><flow_mat><material><mattext></mattext></material></flow_mat></itemfeedback><itemfeedback ident="response_allcorrect" view="All"><flow_mat><material><mattext texttype="text/xhtml">&lt;p&gt;See the lecture.&lt;/p&gt;</mattext></material></flow_mat></itemfeedback><itemfeedback ident="response_onenotcorrect" view="All"><flow_mat><material><mattext texttype="text/xhtml">&lt;p&gt;See the lecture.&lt;/p&gt;</mattext></material></flow_mat></itemfeedback></item></section></assessment></questestinterop>