<?xml version="1.0" encoding="utf-8"?><!--Generated by ILIAS XmlWriter--><surveyobject xmlns:xsi="http://www.w3.org/2001/XMLSchema-instance" xsi:noNamespaceSchemaLocation="http://www.ilias.de/download/xsd/ilias_survey_4_2.xsd"><survey id="7352" title="Final Evaluation"><description></description><author>Jakob Bach</author><objectives><material label="introduction"><mattext type="text/xhtml">&lt;p&gt;The purpose of this survey is to evaluate your satisfaction with the data-science exercises (not the lecture!) and to find points for improvement. If not explicitly stated otherwise, the questions address the exercise concept as a whole, i.e., programming exercises, online tests, and exercise sessions.&lt;/p&gt;&#13;&#10;&lt;p&gt;All questions are optional, so you are free to not answer if you don&apos;t have an opinion or if you are not sure. The survey is anonymous.&lt;/p&gt;</mattext></material><material label="outro"><mattext type="text/xhtml">&lt;p&gt;Thanks for participating!&lt;/p&gt;</mattext></material></objectives><anonymisation enabled="1"/><restrictions><access type="free"/><startingtime type="date">2022-02-07T00:00:00</startingtime><endingtime type="date">2022-02-13T23:55:00</endingtime></restrictions><metadata><metadatafield><fieldlabel>evaluation_access</fieldlabel><fieldentry>0</fieldentry></metadatafield><metadatafield><fieldlabel>status</fieldlabel><fieldentry/></metadatafield><metadatafield><fieldlabel>display_question_titles</fieldlabel><fieldentry>1</fieldentry></metadatafield><metadatafield><fieldlabel>pool_usage</fieldlabel><fieldentry>0</fieldentry></metadatafield><metadatafield><fieldlabel>own_results_view</fieldlabel><fieldentry>0</fieldentry></metadatafield><metadatafield><fieldlabel>own_results_mail</fieldlabel><fieldentry>0</fieldentry></metadatafield><metadatafield><fieldlabel>confirmation_mail</fieldlabel><fieldentry>0</fieldentry></metadatafield><metadatafield><fieldlabel>anon_user_list</fieldlabel><fieldentry>0</fieldentry></metadatafield><metadatafield><fieldlabel>mode</fieldlabel><fieldentry>0</fieldentry></metadatafield><metadatafield><fieldlabel>mode_360_self_eval</fieldlabel><fieldentry>0</fieldentry></metadatafield><metadatafield><fieldlabel>mode_360_self_rate</fieldlabel><fieldentry>0</fieldentry></metadatafield><metadatafield><fieldlabel>mode_360_self_appr</fieldlabel><fieldentry>0</fieldentry></metadatafield><metadatafield><fieldlabel>mode_360_results</fieldlabel><fieldentry>0</fieldentry></metadatafield><metadatafield><fieldlabel>mode_skill_service</fieldlabel><fieldentry>0</fieldentry></metadatafield><metadatafield><fieldlabel>mode_self_eval_results</fieldlabel><fieldentry>1</fieldentry></metadatafield><metadatafield><fieldlabel>SCORM</fieldlabel><fieldentry>&#10;&lt;MetaData&gt;&#10;  &lt;General Structure=&quot;Hierarchical&quot;&gt;&#10;    &lt;Identifier Catalog=&quot;ILIAS&quot; Entry=&quot;il__svy_2208623&quot;/&gt;&#10;    &lt;Title Language=&quot;de&quot;&gt;&#10;      Final Evaluation&#10;    &lt;/Title&gt;&#10;    &lt;Language Language=&quot;de&quot;/&gt;&#10;    &lt;Description Language=&quot;de&quot;&gt;&#10;    &lt;/Description&gt;&#10;    &lt;Keyword Language=&quot;de&quot;/&gt;&#10;  &lt;/General&gt;&#10;  &lt;Lifecycle Status=&quot;Draft&quot;&gt;&#10;    &lt;Version Language=&quot;en&quot;/&gt;&#10;    &lt;Contribute Role=&quot;Author&quot;&gt;&#10;      &lt;Entity&gt;&#10;        Jakob Bach&#10;      &lt;/Entity&gt;&#10;      &lt;Date/&gt;&#10;    &lt;/Contribute&gt;&#10;  &lt;/Lifecycle&gt;&#10;&lt;/MetaData&gt;</fieldentry></metadatafield></metadata></survey><surveyquestions id="2208623"><questionblock showQuestiontext="1" showBlocktitle="0"><questionblocktitle>Alle Fragen</questionblocktitle><question id="51956" title="Goals" type="SurveyMetricQuestion" subtype="3" obligatory="0"><description/><author>Jakob Bach</author><questiontext><material><mattext type="text/xhtml">&lt;p&gt;The goals of the exercises are clear to me (1 = very clear, 5 = very unclear).&lt;/p&gt;</mattext></material></questiontext><responses><response_num id="0" format="double" min="1" max="5"></response_num></responses></question><question id="51957" title="Learnings - Lecture" type="SurveyMetricQuestion" subtype="3" obligatory="0"><description/><author>Jakob Bach</author><questiontext><material><mattext type="text/xhtml">&lt;p&gt;The exercises support me to learn the contents of the lecture (1 = very strongly, 5 = not at all).&lt;/p&gt;</mattext></material></questiontext><responses><response_num id="0" format="double" min="1" max="5"></response_num></responses></question><question id="51958" title="Learnings - Exam" type="SurveyMetricQuestion" subtype="3" obligatory="0"><description/><author>Jakob Bach</author><questiontext><material><mattext type="text/xhtml">&lt;p&gt;The exercises support me to prepare for the exam (1 = very strongly, 5 = not at all).&lt;/p&gt;</mattext></material></questiontext><responses><response_num id="0" format="double" min="1" max="5"></response_num></responses></question><question id="51959" title="Learnings - Practice" type="SurveyMetricQuestion" subtype="3" obligatory="0"><description/><author>Jakob Bach</author><questiontext><material><mattext type="text/xhtml">&lt;p&gt;The exercises support me to acquire knowledge and skills relevant for practice (1 = very strongly, 5 = not at all).&lt;/p&gt;</mattext></material></questiontext><responses><response_num id="0" format="double" min="1" max="5"></response_num></responses></question><question id="53846" title="Learnings - Comments" type="SurveyTextQuestion" obligatory="0"><description/><author>Jakob Bach</author><questiontext><material><mattext type="text/xhtml">&lt;p&gt;The exercises would support my learning process better if:&lt;/p&gt;</mattext></material></questiontext><responses><response_text id="0" rows="10" columns="80"/></responses></question><question id="51960" title="Elements" type="SurveyMatrixQuestion" subtype="0" obligatory="0"><description/><author>Jakob Bach</author><questiontext><material><mattext type="text/xhtml">&lt;p&gt;How satisfied are you with the different elements of the exercises, in particular how they support your personal learning process (1 = very satisfied, 5 = very unsatisfied):&lt;/p&gt;</mattext></material></questiontext><matrix><matrixrows><matrixrow id="0"><material><mattext type="text/plain">Tasks of programming exercises</mattext></material></matrixrow><matrixrow id="1"><material><mattext type="text/plain">Solutions of programming exercises (notebooks, videos)</mattext></material></matrixrow><matrixrow id="2"><material><mattext type="text/plain">Exercise sessions</mattext></material></matrixrow><matrixrow id="3"><material><mattext type="text/plain">Solutions to exercises sessions</mattext></material></matrixrow><matrixrow id="4"><material><mattext type="text/plain">Online tests</mattext></material></matrixrow><matrixrow id="5"><material><mattext type="text/plain">Lecturer (= Jakob)</mattext></material></matrixrow></matrixrows><responses><response_single id="0"><material><mattext type="text/plain">1</mattext></material></response_single><response_single id="1"><material><mattext type="text/plain">2</mattext></material></response_single><response_single id="2"><material><mattext type="text/plain">3</mattext></material></response_single><response_single id="3"><material><mattext type="text/plain">4</mattext></material></response_single><response_single id="4"><material><mattext type="text/plain">5</mattext></material></response_single><response_single id="5" label="neutral"><material><mattext type="text/plain">Don&apos;t use it</mattext></material></response_single></responses></matrix><metadata><metadatafield><fieldlabel>column_separators</fieldlabel><fieldentry>1</fieldentry></metadatafield><metadatafield><fieldlabel>row_separators</fieldlabel><fieldentry>0</fieldentry></metadatafield><metadatafield><fieldlabel>neutral_column_separator</fieldlabel><fieldentry>0</fieldentry></metadatafield><metadatafield><fieldlabel>layout</fieldlabel><fieldentry>a:5:{s:11:&quot;percent_row&quot;;i:30;s:15:&quot;percent_columns&quot;;i:70;s:26:&quot;percent_bipolar_adjective1&quot;;i:0;s:26:&quot;percent_bipolar_adjective2&quot;;i:0;s:15:&quot;percent_neutral&quot;;i:0;}</fieldentry></metadatafield></metadata></question><question id="51961" title="Elements - Comments" type="SurveyTextQuestion" obligatory="0"><description/><author>Jakob Bach</author><questiontext><material><mattext type="text/xhtml">&lt;p&gt;Elements of the exercises (programming exercises, exercise sessions, online tests) could be improved the following way:&lt;/p&gt;</mattext></material></questiontext><responses><response_text id="0" rows="10" columns="80"/></responses></question><question id="51962" title="Organization" type="SurveyMetricQuestion" subtype="3" obligatory="0"><description/><author>Jakob Bach</author><questiontext><material><mattext type="text/xhtml">&lt;p&gt;How do you rate the organization and structure of the exercises (1 = very good, 5 = very bad)?&lt;/p&gt;</mattext></material></questiontext><responses><response_num id="0" format="double" min="1" max="5"></response_num></responses></question><question id="51963" title="Organization - Comments" type="SurveyTextQuestion" obligatory="0"><description/><author>Jakob Bach</author><questiontext><material><mattext type="text/xhtml">&lt;p&gt;The organization and structure of the exercises could be improved the following way:&lt;/p&gt;</mattext></material></questiontext><responses><response_text id="0" rows="10" columns="80"/></responses></question><question id="51964" title="Workload - Time" type="SurveyMetricQuestion" subtype="4" obligatory="0"><description/><author>Jakob Bach</author><questiontext><material><mattext type="text/xhtml">&lt;p&gt;How many hours do you spend on the exercises per week (on average)?&lt;/p&gt;</mattext></material></questiontext><responses><response_num id="0" format="double" min="0"></response_num></responses></question><question id="51965" title="Workload - Appropriateness" type="SurveyMetricQuestion" subtype="3" obligatory="0"><description/><author>Jakob Bach</author><questiontext><material><mattext type="text/xhtml">&lt;p&gt;Do you think the workload for the exercises is appropriate (1 = totally appropriate, 5 = totally inappropriate)?&lt;/p&gt;</mattext></material></questiontext><responses><response_num id="0" format="double" min="1" max="5"></response_num></responses></question><question id="51966" title="Workload - Comments" type="SurveyTextQuestion" obligatory="0"><description/><author>Jakob Bach</author><questiontext><material><mattext type="text/xhtml">&lt;p&gt;The workload for the exercises could be improved the following way (while still keeping them useful for you):&lt;/p&gt;</mattext></material></questiontext><responses><response_text id="0" rows="10" columns="80"/></responses></question><question id="51967" title="Workload for Lecture" type="SurveyMetricQuestion" subtype="4" obligatory="0"><description/><author>Jakob Bach</author><questiontext><material><mattext type="text/xhtml">&lt;p&gt;Just for comparison: How many hours do you spend on the lecture per week (on average)?&lt;/p&gt;</mattext></material></questiontext><responses><response_num id="0" format="double" min="0"></response_num></responses></question><question id="51968" title="Overall Satisfaction" type="SurveyMetricQuestion" subtype="3" obligatory="0"><description/><author>Jakob Bach</author><questiontext><material><mattext type="text/xhtml">&lt;p&gt;How do you rate the exercises overall (1 = very good, 5 = very bad)?&lt;/p&gt;</mattext></material></questiontext><responses><response_num id="0" format="double" min="1" max="5"></response_num></responses></question><question id="51969" title="Overall Satisfaction - Positive Points" type="SurveyTextQuestion" obligatory="0"><description/><author>Jakob Bach</author><questiontext><material><mattext type="text/xhtml">&lt;p&gt;I particularly like about the exercises (in particular, how they support my personal learning process):&lt;/p&gt;</mattext></material></questiontext><responses><response_text id="0" rows="10" columns="80"/></responses></question><question id="51970" title="Overall Satisfaction - Negative Points" type="SurveyTextQuestion" obligatory="0"><description/><author>Jakob Bach</author><questiontext><material><mattext type="text/xhtml">&lt;p&gt;I particularly dislike about the exercises (in particular, how they support my personal learning process):&lt;/p&gt;</mattext></material></questiontext><responses><response_text id="0" rows="10" columns="80"/></responses></question></questionblock></surveyquestions></surveyobject>